expected_intent,actual_intent,count
DANH_SACH_NGANH,DANH_SACH_NGANH,5
DANH_SACH_NGANH,HOI_CHUONG_TRINH,0
DANH_SACH_NGANH,HOI_DANG_KY_XET_TUYEN,0
DANH_SACH_NGANH,HOI_DIEM_TRUNG_TUYEN,0
DANH_SACH_NGANH,HOI_HOC_BONG,0
DANH_SACH_NGANH,HOI_HOC_PHI,0
DANH_SACH_NGANH,HOI_HO_SO,0
DANH_SACH_NGANH,HOI_NGANH,0
DANH_SACH_NGANH,HOI_NGUONG_DAU_VAO,0
DANH_SACH_NGANH,HOI_NHAP_HOC,0
DANH_SACH_NGANH,HOI_PHUONG_THUC_XET_TUYEN,0
DANH_SACH_NGANH,HOI_XET_TUYEN_BO_SUNG,0
DANH_SACH_NGANH,MULTI_ISSUE,0
DANH_SACH_NGANH,OUT_OF_SCOPE,3
DANH_SACH_NGANH,SCHOOL_INFO,0
HOI_CHUONG_TRINH,DANH_SACH_NGANH,0
HOI_CHUONG_TRINH,HOI_CHUONG_TRINH,12
HOI_CHUONG_TRINH,HOI_DANG_KY_XET_TUYEN,0
HOI_CHUONG_TRINH,HOI_DIEM_TRUNG_TUYEN,0
HOI_CHUONG_TRINH,HOI_HOC_BONG,0
HOI_CHUONG_TRINH,HOI_HOC_PHI,0
HOI_CHUONG_TRINH,HOI_HO_SO,0
HOI_CHUONG_TRINH,HOI_NGANH,0
HOI_CHUONG_TRINH,HOI_NGUONG_DAU_VAO,0
HOI_CHUONG_TRINH,HOI_NHAP_HOC,0
HOI_CHUONG_TRINH,HOI_PHUONG_THUC_XET_TUYEN,0
HOI_CHUONG_TRINH,HOI_XET_TUYEN_BO_SUNG,0
HOI_CHUONG_TRINH,MULTI_ISSUE,0
HOI_CHUONG_TRINH,OUT_OF_SCOPE,0
HOI_CHUONG_TRINH,SCHOOL_INFO,0
HOI_DANG_KY_XET_TUYEN,DANH_SACH_NGANH,0
HOI_DANG_KY_XET_TUYEN,HOI_CHUONG_TRINH,0
HOI_DANG_KY_XET_TUYEN,HOI_DANG_KY_XET_TUYEN,0
HOI_DANG_KY_XET_TUYEN,HOI_DIEM_TRUNG_TUYEN,0
HOI_DANG_KY_XET_TUYEN,HOI_HOC_BONG,0
HOI_DANG_KY_XET_TUYEN,HOI_HOC_PHI,0
HOI_DANG_KY_XET_TUYEN,HOI_HO_SO,0
HOI_DANG_KY_XET_TUYEN,HOI_NGANH,0
HOI_DANG_KY_XET_TUYEN,HOI_NGUONG_DAU_VAO,0
HOI_DANG_KY_XET_TUYEN,HOI_NHAP_HOC,0
HOI_DANG_KY_XET_TUYEN,HOI_PHUONG_THUC_XET_TUYEN,0
HOI_DANG_KY_XET_TUYEN,HOI_XET_TUYEN_BO_SUNG,0
HOI_DANG_KY_XET_TUYEN,MULTI_ISSUE,0
HOI_DANG_KY_XET_TUYEN,OUT_OF_SCOPE,0
HOI_DANG_KY_XET_TUYEN,SCHOOL_INFO,0
HOI_DIEM_TRUNG_TUYEN,DANH_SACH_NGANH,0
HOI_DIEM_TRUNG_TUYEN,HOI_CHUONG_TRINH,0
HOI_DIEM_TRUNG_TUYEN,HOI_DANG_KY_XET_TUYEN,0
HOI_DIEM_TRUNG_TUYEN,HOI_DIEM_TRUNG_TUYEN,40
HOI_DIEM_TRUNG_TUYEN,HOI_HOC_BONG,0
HOI_DIEM_TRUNG_TUYEN,HOI_HOC_PHI,0
HOI_DIEM_TRUNG_TUYEN,HOI_HO_SO,0
HOI_DIEM_TRUNG_TUYEN,HOI_NGANH,0
HOI_DIEM_TRUNG_TUYEN,HOI_NGUONG_DAU_VAO,0
HOI_DIEM_TRUNG_TUYEN,HOI_NHAP_HOC,0
HOI_DIEM_TRUNG_TUYEN,HOI_PHUONG_THUC_XET_TUYEN,0
HOI_DIEM_TRUNG_TUYEN,HOI_XET_TUYEN_BO_SUNG,0
HOI_DIEM_TRUNG_TUYEN,MULTI_ISSUE,0
HOI_DIEM_TRUNG_TUYEN,OUT_OF_SCOPE,0
HOI_DIEM_TRUNG_TUYEN,SCHOOL_INFO,0
HOI_HOC_BONG,DANH_SACH_NGANH,0
HOI_HOC_BONG,HOI_CHUONG_TRINH,0
HOI_HOC_BONG,HOI_DANG_KY_XET_TUYEN,0
HOI_HOC_BONG,HOI_DIEM_TRUNG_TUYEN,0
HOI_HOC_BONG,HOI_HOC_BONG,20
HOI_HOC_BONG,HOI_HOC_PHI,0
HOI_HOC_BONG,HOI_HO_SO,0
HOI_HOC_BONG,HOI_NGANH,0
HOI_HOC_BONG,HOI_NGUONG_DAU_VAO,0
HOI_HOC_BONG,HOI_NHAP_HOC,0
HOI_HOC_BONG,HOI_PHUONG_THUC_XET_TUYEN,0
HOI_HOC_BONG,HOI_XET_TUYEN_BO_SUNG,0
HOI_HOC_BONG,MULTI_ISSUE,0
HOI_HOC_BONG,OUT_OF_SCOPE,0
HOI_HOC_BONG,SCHOOL_INFO,0
HOI_HOC_PHI,DANH_SACH_NGANH,0
HOI_HOC_PHI,HOI_CHUONG_TRINH,0
HOI_HOC_PHI,HOI_DANG_KY_XET_TUYEN,0
HOI_HOC_PHI,HOI_DIEM_TRUNG_TUYEN,0
HOI_HOC_PHI,HOI_HOC_BONG,0
HOI_HOC_PHI,HOI_HOC_PHI,7
HOI_HOC_PHI,HOI_HO_SO,0
HOI_HOC_PHI,HOI_NGANH,2
HOI_HOC_PHI,HOI_NGUONG_DAU_VAO,0
HOI_HOC_PHI,HOI_NHAP_HOC,4
HOI_HOC_PHI,HOI_PHUONG_THUC_XET_TUYEN,0
HOI_HOC_PHI,HOI_XET_TUYEN_BO_SUNG,0
HOI_HOC_PHI,MULTI_ISSUE,0
HOI_HOC_PHI,OUT_OF_SCOPE,1
HOI_HOC_PHI,SCHOOL_INFO,0
HOI_HO_SO,DANH_SACH_NGANH,0
HOI_HO_SO,HOI_CHUONG_TRINH,0
HOI_HO_SO,HOI_DANG_KY_XET_TUYEN,0
HOI_HO_SO,HOI_DIEM_TRUNG_TUYEN,0
HOI_HO_SO,HOI_HOC_BONG,0
HOI_HO_SO,HOI_HOC_PHI,0
HOI_HO_SO,HOI_HO_SO,8
HOI_HO_SO,HOI_NGANH,0
HOI_HO_SO,HOI_NGUONG_DAU_VAO,0
HOI_HO_SO,HOI_NHAP_HOC,0
HOI_HO_SO,HOI_PHUONG_THUC_XET_TUYEN,4
HOI_HO_SO,HOI_XET_TUYEN_BO_SUNG,0
HOI_HO_SO,MULTI_ISSUE,8
HOI_HO_SO,OUT_OF_SCOPE,0
HOI_HO_SO,SCHOOL_INFO,0
HOI_NGANH,DANH_SACH_NGANH,0
HOI_NGANH,HOI_CHUONG_TRINH,0
HOI_NGANH,HOI_DANG_KY_XET_TUYEN,0
HOI_NGANH,HOI_DIEM_TRUNG_TUYEN,0
HOI_NGANH,HOI_HOC_BONG,0
HOI_NGANH,HOI_HOC_PHI,0
HOI_NGANH,HOI_HO_SO,0
HOI_NGANH,HOI_NGANH,16
HOI_NGANH,HOI_NGUONG_DAU_VAO,0
HOI_NGANH,HOI_NHAP_HOC,0
HOI_NGANH,HOI_PHUONG_THUC_XET_TUYEN,0
HOI_NGANH,HOI_XET_TUYEN_BO_SUNG,0
HOI_NGANH,MULTI_ISSUE,0
HOI_NGANH,OUT_OF_SCOPE,0
HOI_NGANH,SCHOOL_INFO,0
HOI_NGUONG_DAU_VAO,DANH_SACH_NGANH,0
HOI_NGUONG_DAU_VAO,HOI_CHUONG_TRINH,0
HOI_NGUONG_DAU_VAO,HOI_DANG_KY_XET_TUYEN,5
HOI_NGUONG_DAU_VAO,HOI_DIEM_TRUNG_TUYEN,0
HOI_NGUONG_DAU_VAO,HOI_HOC_BONG,0
HOI_NGUONG_DAU_VAO,HOI_HOC_PHI,0
HOI_NGUONG_DAU_VAO,HOI_HO_SO,0
HOI_NGUONG_DAU_VAO,HOI_NGANH,0
HOI_NGUONG_DAU_VAO,HOI_NGUONG_DAU_VAO,21
HOI_NGUONG_DAU_VAO,HOI_NHAP_HOC,0
HOI_NGUONG_DAU_VAO,HOI_PHUONG_THUC_XET_TUYEN,0
HOI_NGUONG_DAU_VAO,HOI_XET_TUYEN_BO_SUNG,0
HOI_NGUONG_DAU_VAO,MULTI_ISSUE,0
HOI_NGUONG_DAU_VAO,OUT_OF_SCOPE,0
HOI_NGUONG_DAU_VAO,SCHOOL_INFO,0
HOI_NHAP_HOC,DANH_SACH_NGANH,0
HOI_NHAP_HOC,HOI_CHUONG_TRINH,0
HOI_NHAP_HOC,HOI_DANG_KY_XET_TUYEN,0
HOI_NHAP_HOC,HOI_DIEM_TRUNG_TUYEN,0
HOI_NHAP_HOC,HOI_HOC_BONG,0
HOI_NHAP_HOC,HOI_HOC_PHI,0
HOI_NHAP_HOC,HOI_HO_SO,0
HOI_NHAP_HOC,HOI_NGANH,0
HOI_NHAP_HOC,HOI_NGUONG_DAU_VAO,0
HOI_NHAP_HOC,HOI_NHAP_HOC,3
HOI_NHAP_HOC,HOI_PHUONG_THUC_XET_TUYEN,1
HOI_NHAP_HOC,HOI_XET_TUYEN_BO_SUNG,0
HOI_NHAP_HOC,MULTI_ISSUE,8
HOI_NHAP_HOC,OUT_OF_SCOPE,0
HOI_NHAP_HOC,SCHOOL_INFO,0
HOI_PHUONG_THUC_XET_TUYEN,DANH_SACH_NGANH,0
HOI_PHUONG_THUC_XET_TUYEN,HOI_CHUONG_TRINH,0
HOI_PHUONG_THUC_XET_TUYEN,HOI_DANG_KY_XET_TUYEN,0
HOI_PHUONG_THUC_XET_TUYEN,HOI_DIEM_TRUNG_TUYEN,0
HOI_PHUONG_THUC_XET_TUYEN,HOI_HOC_BONG,0
HOI_PHUONG_THUC_XET_TUYEN,HOI_HOC_PHI,0
HOI_PHUONG_THUC_XET_TUYEN,HOI_HO_SO,0
HOI_PHUONG_THUC_XET_TUYEN,HOI_NGANH,0
HOI_PHUONG_THUC_XET_TUYEN,HOI_NGUONG_DAU_VAO,0
HOI_PHUONG_THUC_XET_TUYEN,HOI_NHAP_HOC,0
HOI_PHUONG_THUC_XET_TUYEN,HOI_PHUONG_THUC_XET_TUYEN,12
HOI_PHUONG_THUC_XET_TUYEN,HOI_XET_TUYEN_BO_SUNG,0
HOI_PHUONG_THUC_XET_TUYEN,MULTI_ISSUE,0
HOI_PHUONG_THUC_XET_TUYEN,OUT_OF_SCOPE,0
HOI_PHUONG_THUC_XET_TUYEN,SCHOOL_INFO,0
HOI_XET_TUYEN_BO_SUNG,DANH_SACH_NGANH,0
HOI_XET_TUYEN_BO_SUNG,HOI_CHUONG_TRINH,0
HOI_XET_TUYEN_BO_SUNG,HOI_DANG_KY_XET_TUYEN,0
HOI_XET_TUYEN_BO_SUNG,HOI_DIEM_TRUNG_TUYEN,0
HOI_XET_TUYEN_BO_SUNG,HOI_HOC_BONG,0
HOI_XET_TUYEN_BO_SUNG,HOI_HOC_PHI,0
HOI_XET_TUYEN_BO_SUNG,HOI_HO_SO,0
HOI_XET_TUYEN_BO_SUNG,HOI_NGANH,0
HOI_XET_TUYEN_BO_SUNG,HOI_NGUONG_DAU_VAO,2
HOI_XET_TUYEN_BO_SUNG,HOI_NHAP_HOC,0
HOI_XET_TUYEN_BO_SUNG,HOI_PHUONG_THUC_XET_TUYEN,4
HOI_XET_TUYEN_BO_SUNG,HOI_XET_TUYEN_BO_SUNG,3
HOI_XET_TUYEN_BO_SUNG,MULTI_ISSUE,3
HOI_XET_TUYEN_BO_SUNG,OUT_OF_SCOPE,0
HOI_XET_TUYEN_BO_SUNG,SCHOOL_INFO,0
MULTI_ISSUE,DANH_SACH_NGANH,0
MULTI_ISSUE,HOI_CHUONG_TRINH,0
MULTI_ISSUE,HOI_DANG_KY_XET_TUYEN,0
MULTI_ISSUE,HOI_DIEM_TRUNG_TUYEN,0
MULTI_ISSUE,HOI_HOC_BONG,0
MULTI_ISSUE,HOI_HOC_PHI,0
MULTI_ISSUE,HOI_HO_SO,0
MULTI_ISSUE,HOI_NGANH,0
MULTI_ISSUE,HOI_NGUONG_DAU_VAO,0
MULTI_ISSUE,HOI_NHAP_HOC,0
MULTI_ISSUE,HOI_PHUONG_THUC_XET_TUYEN,0
MULTI_ISSUE,HOI_XET_TUYEN_BO_SUNG,0
MULTI_ISSUE,MULTI_ISSUE,0
MULTI_ISSUE,OUT_OF_SCOPE,0
MULTI_ISSUE,SCHOOL_INFO,0
OUT_OF_SCOPE,DANH_SACH_NGANH,0
OUT_OF_SCOPE,HOI_CHUONG_TRINH,0
OUT_OF_SCOPE,HOI_DANG_KY_XET_TUYEN,0
OUT_OF_SCOPE,HOI_DIEM_TRUNG_TUYEN,0
OUT_OF_SCOPE,HOI_HOC_BONG,0
OUT_OF_SCOPE,HOI_HOC_PHI,0
OUT_OF_SCOPE,HOI_HO_SO,0
OUT_OF_SCOPE,HOI_NGANH,0
OUT_OF_SCOPE,HOI_NGUONG_DAU_VAO,0
OUT_OF_SCOPE,HOI_NHAP_HOC,0
OUT_OF_SCOPE,HOI_PHUONG_THUC_XET_TUYEN,0
OUT_OF_SCOPE,HOI_XET_TUYEN_BO_SUNG,0
OUT_OF_SCOPE,MULTI_ISSUE,0
OUT_OF_SCOPE,OUT_OF_SCOPE,4
OUT_OF_SCOPE,SCHOOL_INFO,0
SCHOOL_INFO,DANH_SACH_NGANH,0
SCHOOL_INFO,HOI_CHUONG_TRINH,0
SCHOOL_INFO,HOI_DANG_KY_XET_TUYEN,0
SCHOOL_INFO,HOI_DIEM_TRUNG_TUYEN,0
SCHOOL_INFO,HOI_HOC_BONG,0
SCHOOL_INFO,HOI_HOC_PHI,0
SCHOOL_INFO,HOI_HO_SO,0
SCHOOL_INFO,HOI_NGANH,1
SCHOOL_INFO,HOI_NGUONG_DAU_VAO,0
SCHOOL_INFO,HOI_NHAP_HOC,0
SCHOOL_INFO,HOI_PHUONG_THUC_XET_TUYEN,0
SCHOOL_INFO,HOI_XET_TUYEN_BO_SUNG,0
SCHOOL_INFO,MULTI_ISSUE,0
SCHOOL_INFO,OUT_OF_SCOPE,3
SCHOOL_INFO,SCHOOL_INFO,0
