id,question,expected,actual,failure_type,earliest_failing_stage,evidence
Q0021,Điểm chuẩn Giảng dạy Tiếng Anh theo ĐGNL là bao nhiêu?,"{""intent"": ""HOI_DIEM_TRUNG_TUYEN"", ""status"": ""ok"", ""evidence_ids"": [""diem-trung-tuyen-va-nhap-hoc-dhv-2026:admission_score_006""]}","{""intent"": ""HOI_DIEM_TRUNG_TUYEN"", ""status"": ""no_data"", ""answer"": ""Tôi chưa biết câu trả lời này vì hiện chưa tìm thấy thông tin trong dữ liệu tuyển sinh DHV đã được kiểm chứng. Bạn vui lòng tham khảo thông tin chính thức từ Trường Đại học Hùng Vương TP.HCM.""}",VALIDATOR_ERROR,VALIDATOR_ERROR,"[""diem-trung-tuyen-va-nhap-hoc-dhv-2026:admission_score_004"", ""diem-trung-tuyen-va-nhap-hoc-dhv-2026:admission_score_005"", ""diem-trung-tuyen-va-nhap-hoc-dhv-2026:admission_score_006""]"
Q0022,Giảng dạy Tiếng Anh điểm chuẩn ĐGNL năm 2026 mức nào?,"{""intent"": ""HOI_DIEM_TRUNG_TUYEN"", ""status"": ""ok"", ""evidence_ids"": [""diem-trung-tuyen-va-nhap-hoc-dhv-2026:admission_score_006""]}","{""intent"": ""HOI_DIEM_TRUNG_TUYEN"", ""status"": ""no_data"", ""answer"": ""Tôi chưa biết câu trả lời này vì hiện chưa tìm thấy thông tin trong dữ liệu tuyển sinh DHV đã được kiểm chứng. Bạn vui lòng tham khảo thông tin chính thức từ Trường Đại học Hùng Vương TP.HCM.""}",VALIDATOR_ERROR,VALIDATOR_ERROR,"[""diem-trung-tuyen-va-nhap-hoc-dhv-2026:admission_score_004"", ""diem-trung-tuyen-va-nhap-hoc-dhv-2026:admission_score_005"", ""diem-trung-tuyen-va-nhap-hoc-dhv-2026:admission_score_006""]"
Q0023,"Cho em hỏi điểm chuẩn Giảng dạy Tiếng Anh theo ĐGNL, mức nào vậy ạ?","{""intent"": ""HOI_DIEM_TRUNG_TUYEN"", ""status"": ""ok"", ""evidence_ids"": [""diem-trung-tuyen-va-nhap-hoc-dhv-2026:admission_score_006""]}","{""intent"": ""HOI_DIEM_TRUNG_TUYEN"", ""status"": ""no_data"", ""answer"": ""Tôi chưa biết câu trả lời này vì hiện chưa tìm thấy thông tin trong dữ liệu tuyển sinh DHV đã được kiểm chứng. Bạn vui lòng tham khảo thông tin chính thức từ Trường Đại học Hùng Vương TP.HCM.""}",VALIDATOR_ERROR,VALIDATOR_ERROR,"[""diem-trung-tuyen-va-nhap-hoc-dhv-2026:admission_score_004"", ""diem-trung-tuyen-va-nhap-hoc-dhv-2026:admission_score_005"", ""diem-trung-tuyen-va-nhap-hoc-dhv-2026:admission_score_006""]"
Q0024,Giảng dạy Tiếng Anh ĐGNL điểm chuẩn bn?,"{""intent"": ""HOI_DIEM_TRUNG_TUYEN"", ""status"": ""ok"", ""evidence_ids"": [""diem-trung-tuyen-va-nhap-hoc-dhv-2026:admission_score_006""]}","{""intent"": ""HOI_DIEM_TRUNG_TUYEN"", ""status"": ""no_data"", ""answer"": ""Tôi chưa biết câu trả lời này vì hiện chưa tìm thấy thông tin trong dữ liệu tuyển sinh DHV đã được kiểm chứng. Bạn vui lòng tham khảo thông tin chính thức từ Trường Đại học Hùng Vương TP.HCM.""}",VALIDATOR_ERROR,VALIDATOR_ERROR,"[""diem-trung-tuyen-va-nhap-hoc-dhv-2026:admission_score_004"", ""diem-trung-tuyen-va-nhap-hoc-dhv-2026:admission_score_005"", ""diem-trung-tuyen-va-nhap-hoc-dhv-2026:admission_score_006""]"
Q0101,Điểm chuẩn Quản trị logistics theo học bạ là bao nhiêu?,"{""intent"": ""HOI_DIEM_TRUNG_TUYEN"", ""status"": ""ok"", ""evidence_ids"": [""diem-trung-tuyen-va-nhap-hoc-dhv-2026:admission_score_026""]}","{""intent"": ""HOI_DIEM_TRUNG_TUYEN"", ""status"": ""no_data"", ""answer"": ""Tôi chưa biết câu trả lời này vì hiện chưa tìm thấy thông tin trong dữ liệu tuyển sinh DHV đã được kiểm chứng. Bạn vui lòng tham khảo thông tin chính thức từ Trường Đại học Hùng Vương TP.HCM.""}",VALIDATOR_ERROR,VALIDATOR_ERROR,"[""diem-trung-tuyen-va-nhap-hoc-dhv-2026:admission_score_025"", ""diem-trung-tuyen-va-nhap-hoc-dhv-2026:admission_score_026"", ""diem-trung-tuyen-va-nhap-hoc-dhv-2026:admission_score_027""]"
Q0102,Quản trị logistics điểm chuẩn học bạ năm 2026 mức nào?,"{""intent"": ""HOI_DIEM_TRUNG_TUYEN"", ""status"": ""ok"", ""evidence_ids"": [""diem-trung-tuyen-va-nhap-hoc-dhv-2026:admission_score_026""]}","{""intent"": ""HOI_DIEM_TRUNG_TUYEN"", ""status"": ""no_data"", ""answer"": ""Tôi chưa biết câu trả lời này vì hiện chưa tìm thấy thông tin trong dữ liệu tuyển sinh DHV đã được kiểm chứng. Bạn vui lòng tham khảo thông tin chính thức từ Trường Đại học Hùng Vương TP.HCM.""}",VALIDATOR_ERROR,VALIDATOR_ERROR,"[""diem-trung-tuyen-va-nhap-hoc-dhv-2026:admission_score_025"", ""diem-trung-tuyen-va-nhap-hoc-dhv-2026:admission_score_026"", ""diem-trung-tuyen-va-nhap-hoc-dhv-2026:admission_score_027""]"
Q0103,"Cho em hỏi điểm chuẩn Quản trị logistics theo học bạ, mức nào vậy ạ?","{""intent"": ""HOI_DIEM_TRUNG_TUYEN"", ""status"": ""ok"", ""evidence_ids"": [""diem-trung-tuyen-va-nhap-hoc-dhv-2026:admission_score_026""]}","{""intent"": ""HOI_DIEM_TRUNG_TUYEN"", ""status"": ""no_data"", ""answer"": ""Tôi chưa biết câu trả lời này vì hiện chưa tìm thấy thông tin trong dữ liệu tuyển sinh DHV đã được kiểm chứng. Bạn vui lòng tham khảo thông tin chính thức từ Trường Đại học Hùng Vương TP.HCM.""}",VALIDATOR_ERROR,VALIDATOR_ERROR,"[""diem-trung-tuyen-va-nhap-hoc-dhv-2026:admission_score_025"", ""diem-trung-tuyen-va-nhap-hoc-dhv-2026:admission_score_026"", ""diem-trung-tuyen-va-nhap-hoc-dhv-2026:admission_score_027""]"
Q0104,Quản trị logistics học bạ điểm chuẩn bn?,"{""intent"": ""HOI_DIEM_TRUNG_TUYEN"", ""status"": ""ok"", ""evidence_ids"": [""diem-trung-tuyen-va-nhap-hoc-dhv-2026:admission_score_026""]}","{""intent"": ""HOI_DIEM_TRUNG_TUYEN"", ""status"": ""no_data"", ""answer"": ""Tôi chưa biết câu trả lời này vì hiện chưa tìm thấy thông tin trong dữ liệu tuyển sinh DHV đã được kiểm chứng. Bạn vui lòng tham khảo thông tin chính thức từ Trường Đại học Hùng Vương TP.HCM.""}",VALIDATOR_ERROR,VALIDATOR_ERROR,"[""diem-trung-tuyen-va-nhap-hoc-dhv-2026:admission_score_025"", ""diem-trung-tuyen-va-nhap-hoc-dhv-2026:admission_score_026"", ""diem-trung-tuyen-va-nhap-hoc-dhv-2026:admission_score_027""]"
Q0121,Điểm chuẩn Truyền thông và Quan hệ công chúng theo thi tốt nghiệp THPT là bao nhiêu?,"{""intent"": ""HOI_DIEM_TRUNG_TUYEN"", ""status"": ""ok"", ""evidence_ids"": [""diem-trung-tuyen-va-nhap-hoc-dhv-2026:admission_score_031""]}","{""intent"": ""HOI_DIEM_TRUNG_TUYEN"", ""status"": ""no_data"", ""answer"": ""Tôi chưa biết câu trả lời này vì hiện chưa tìm thấy thông tin trong dữ liệu tuyển sinh DHV đã được kiểm chứng. Bạn vui lòng tham khảo thông tin chính thức từ Trường Đại học Hùng Vương TP.HCM.""}",VALIDATOR_ERROR,VALIDATOR_ERROR,"[""diem-trung-tuyen-va-nhap-hoc-dhv-2026:admission_score_031"", ""diem-trung-tuyen-va-nhap-hoc-dhv-2026:admission_score_032"", ""diem-trung-tuyen-va-nhap-hoc-dhv-2026:admission_score_033""]"
Q0122,Truyền thông và Quan hệ công chúng điểm chuẩn thi tốt nghiệp THPT năm 2026 mức nào?,"{""intent"": ""HOI_DIEM_TRUNG_TUYEN"", ""status"": ""ok"", ""evidence_ids"": [""diem-trung-tuyen-va-nhap-hoc-dhv-2026:admission_score_031""]}","{""intent"": ""HOI_DIEM_TRUNG_TUYEN"", ""status"": ""no_data"", ""answer"": ""Tôi chưa biết câu trả lời này vì hiện chưa tìm thấy thông tin trong dữ liệu tuyển sinh DHV đã được kiểm chứng. Bạn vui lòng tham khảo thông tin chính thức từ Trường Đại học Hùng Vương TP.HCM.""}",VALIDATOR_ERROR,VALIDATOR_ERROR,"[""diem-trung-tuyen-va-nhap-hoc-dhv-2026:admission_score_031"", ""diem-trung-tuyen-va-nhap-hoc-dhv-2026:admission_score_032"", ""diem-trung-tuyen-va-nhap-hoc-dhv-2026:admission_score_033""]"
Q0123,"Cho em hỏi điểm chuẩn Truyền thông và Quan hệ công chúng theo thi tốt nghiệp THPT, mức nào vậy ạ?","{""intent"": ""HOI_DIEM_TRUNG_TUYEN"", ""status"": ""ok"", ""evidence_ids"": [""diem-trung-tuyen-va-nhap-hoc-dhv-2026:admission_score_031""]}","{""intent"": ""HOI_DIEM_TRUNG_TUYEN"", ""status"": ""no_data"", ""answer"": ""Tôi chưa biết câu trả lời này vì hiện chưa tìm thấy thông tin trong dữ liệu tuyển sinh DHV đã được kiểm chứng. Bạn vui lòng tham khảo thông tin chính thức từ Trường Đại học Hùng Vương TP.HCM.""}",VALIDATOR_ERROR,VALIDATOR_ERROR,"[""diem-trung-tuyen-va-nhap-hoc-dhv-2026:admission_score_031"", ""diem-trung-tuyen-va-nhap-hoc-dhv-2026:admission_score_032"", ""diem-trung-tuyen-va-nhap-hoc-dhv-2026:admission_score_033""]"
Q0124,Truyền thông và Quan hệ công chúng thi tốt nghiệp THPT điểm chuẩn bn?,"{""intent"": ""HOI_DIEM_TRUNG_TUYEN"", ""status"": ""ok"", ""evidence_ids"": [""diem-trung-tuyen-va-nhap-hoc-dhv-2026:admission_score_031""]}","{""intent"": ""HOI_DIEM_TRUNG_TUYEN"", ""status"": ""no_data"", ""answer"": ""Tôi chưa biết câu trả lời này vì hiện chưa tìm thấy thông tin trong dữ liệu tuyển sinh DHV đã được kiểm chứng. Bạn vui lòng tham khảo thông tin chính thức từ Trường Đại học Hùng Vương TP.HCM.""}",VALIDATOR_ERROR,VALIDATOR_ERROR,"[""diem-trung-tuyen-va-nhap-hoc-dhv-2026:admission_score_031"", ""diem-trung-tuyen-va-nhap-hoc-dhv-2026:admission_score_032"", ""diem-trung-tuyen-va-nhap-hoc-dhv-2026:admission_score_033""]"
Q0249,Hồ sơ nhập học có cần Học bạ THPT. không?,"{""intent"": ""HOI_HO_SO"", ""status"": ""ok"", ""evidence_ids"": [""ho-so-nhap-hoc-day-du-dhv-2026:enrollment_document_008""]}","{""intent"": ""HOI_PHUONG_THUC_XET_TUYEN"", ""status"": ""ok"", ""answer"": ""DHV 2026 - Phương thức xét tuyển và học bổng DHV 2026\nPhương thức xét tuyển 1: Xét kết quả kỳ thi tốt nghiệp THPT năm 2026""}",INTENT_ERROR,INTENT_ERROR,"[""phuong-thuc-xet-tuyen-va-hoc-bong-dhv-2026:admission_method_001""]"
Q0250,Cho em hỏi giấy tờ nhập học gồm Học bạ THPT. chứ ạ?,"{""intent"": ""HOI_HO_SO"", ""status"": ""ok"", ""evidence_ids"": [""ho-so-nhap-hoc-day-du-dhv-2026:enrollment_document_008""]}","{""intent"": ""HOI_PHUONG_THUC_XET_TUYEN"", ""status"": ""ok"", ""answer"": ""DHV 2026 - Phương thức xét tuyển và học bổng DHV 2026\nPhương thức xét tuyển 1: Xét kết quả kỳ thi tốt nghiệp THPT năm 2026""}",INTENT_ERROR,INTENT_ERROR,"[""phuong-thuc-xet-tuyen-va-hoc-bong-dhv-2026:admission_method_001""]"
Q0251,Làm thủ tục DHV cần mang Học bạ THPT. không?,"{""intent"": ""HOI_HO_SO"", ""status"": ""ok"", ""evidence_ids"": [""ho-so-nhap-hoc-day-du-dhv-2026:enrollment_document_008""]}","{""intent"": ""HOI_PHUONG_THUC_XET_TUYEN"", ""status"": ""ok"", ""answer"": ""DHV 2026 - Phương thức xét tuyển và học bổng DHV 2026\nPhương thức xét tuyển 1: Xét kết quả kỳ thi tốt nghiệp THPT năm 2026""}",INTENT_ERROR,INTENT_ERROR,"[""phuong-thuc-xet-tuyen-va-hoc-bong-dhv-2026:admission_method_001""]"
Q0252,Ho so nhap hoc can hoc ba thpt khong?,"{""intent"": ""HOI_HO_SO"", ""status"": ""ok"", ""evidence_ids"": [""ho-so-nhap-hoc-day-du-dhv-2026:enrollment_document_008""]}","{""intent"": ""HOI_PHUONG_THUC_XET_TUYEN"", ""status"": ""ok"", ""answer"": ""DHV 2026 - Phương thức xét tuyển và học bổng DHV 2026\nPhương thức xét tuyển 1: Xét kết quả kỳ thi tốt nghiệp THPT năm 2026""}",INTENT_ERROR,INTENT_ERROR,"[""phuong-thuc-xet-tuyen-va-hoc-bong-dhv-2026:admission_method_001""]"
Q0271,Làm thủ tục DHV cần mang 5.000.000 đồng không?,"{""intent"": ""HOI_HO_SO"", ""status"": ""ok"", ""evidence_ids"": [""ho-so-nhap-hoc-day-du-dhv-2026:enrollment_document_013""]}","{""intent"": ""HOI_HO_SO"", ""status"": ""ok"", ""answer"": ""DHV 2026 - Hồ sơ nhập học DHV 2026\nHồ sơ nhập học: Nếu thành viên trong nhóm không ti ếp tục h ọc, mức hỗ trợ sẽ được điều\nDHV 2026 - Hồ sơ nhập học DHV 2026\nHồ sơ nhập học: Căn cước/Căn cước công dân.\nDHV 2026 - Hồ sơ nhập học DHV 2026\nHồ sơ nhập học: Cơ sở 2: 37 Kinh Dương Vương, P. Phú Lâm, TP.HCM\nDHV 2026 - Hồ sơ nhập học DHV 2026\nHồ sơ nhập học: Cơ sở 1: 37 Kinh Dương Vương, Phường Phú Lâm, TP.HCM.""}",EVIDENCE_ERROR,EVIDENCE_ERROR,"[""ho-so-nhap-hoc-day-du-dhv-2026:enrollment_document_002"", ""ho-so-nhap-hoc-day-du-dhv-2026:enrollment_document_009"", ""ho-so-nhap-hoc-day-du-dhv-2026:enrollment_document_011"", ""ho-so-nhap-hoc-day-du-dhv-2026:enrollment_document_030""]"
Q0272,Ho so nhap hoc can 5 000 000 dong khong?,"{""intent"": ""HOI_HO_SO"", ""status"": ""ok"", ""evidence_ids"": [""ho-so-nhap-hoc-day-du-dhv-2026:enrollment_document_013""]}","{""intent"": ""HOI_HO_SO"", ""status"": ""ok"", ""answer"": ""DHV 2026 - Hồ sơ nhập học DHV 2026\nHồ sơ nhập học: Căn cước/Căn cước công dân.\nDHV 2026 - Hồ sơ nhập học DHV 2026\nHồ sơ nhập học: 6.250.000 đồng\nDHV 2026 - Hồ sơ nhập học DHV 2026\nHồ sơ nhập học: Nếu thành viên trong nhóm không ti ếp tục h ọc, mức hỗ trợ sẽ được điều\nDHV 2026 - Hồ sơ nhập học DHV 2026\nHồ sơ nhập học: 8.750.000 đồng""}",EVIDENCE_ERROR,EVIDENCE_ERROR,"[""ho-so-nhap-hoc-day-du-dhv-2026:enrollment_document_009"", ""ho-so-nhap-hoc-day-du-dhv-2026:enrollment_document_014"", ""ho-so-nhap-hoc-day-du-dhv-2026:enrollment_document_016"", ""ho-so-nhap-hoc-day-du-dhv-2026:enrollment_document_030""]"
Q0289,Hồ sơ nhập học có cần Phần học bổng còn lại tiếp tục được giảm vào học phí Học kỳ II theo từng không?,"{""intent"": ""HOI_HO_SO"", ""status"": ""ok"", ""evidence_ids"": [""ho-so-nhap-hoc-day-du-dhv-2026:enrollment_document_018""]}","{""intent"": ""MULTI_ISSUE"", ""status"": ""ok"", ""answer"": ""### Học phí\nHọc phí HKI (10 tín chỉ): 12.500.000 đồng\n\n### Học bổng\nMình tóm tắt các chính sách và điều kiện học bổng đang có trong dữ liệu DHV 2026:\n- Chính sách học bổng: Mức học bổng: Lên đến 50% học phí học kỳ 2.\n- Chính sách học bổng: 1.16. Học bổng Cam kết hoàn học phí\n- Chính sách học bổng: học bổng lên đến 75 tỷ đồng\n- Chính sách học bổng: 1.1. HỌC PHÍ ỔN ĐỊNH, HỌC BỔNG LÊN ĐẾN 100% HỌC PHÍ\n\n### Hồ sơ\nDHV 2026 - Hồ sơ nhập học DHV 2026\nHồ sơ nhập học: 6.250.000 đồng\nDHV 2026 - Hồ sơ nhập học DHV 2026\nHồ sơ nhập học: Cơ sở 2: 37 Kinh Dương Vương, P. Phú Lâm, TP.HCM\nDHV 2026 - Hồ sơ nhập học DHV 2026\nHồ sơ nhập học: Nhận Balo DHV .\nDHV 2026 - Hồ sơ nhập học DHV 2026\nHồ sơ nhập học: Giải đáp những thắc mắc trước khi chính thức trở thành sinh viên DHV .""}",INTENT_ERROR,INTENT_ERROR,[]
Q0290,Cho em hỏi giấy tờ nhập học gồm Phần học bổng còn lại tiếp tục được giảm vào học phí Học kỳ II theo từng chứ ạ?,"{""intent"": ""HOI_HO_SO"", ""status"": ""ok"", ""evidence_ids"": [""ho-so-nhap-hoc-day-du-dhv-2026:enrollment_document_018""]}","{""intent"": ""MULTI_ISSUE"", ""status"": ""ok"", ""answer"": ""### Học phí\nHọc phí HKI (10 tín chỉ): 12.500.000 đồng\n\n### Học bổng\nMình tóm tắt các chính sách và điều kiện học bổng đang có trong dữ liệu DHV 2026:\n- Chính sách học bổng: Mức học bổng: Lên đến 50% học phí học kỳ 2.\n- Chính sách học bổng: 1.16. Học bổng Cam kết hoàn học phí\n- Chính sách học bổng: học bổng lên đến 75 tỷ đồng\n- Chính sách học bổng: 1.1. HỌC PHÍ ỔN ĐỊNH, HỌC BỔNG LÊN ĐẾN 100% HỌC PHÍ\n\n### Hồ sơ\nDHV 2026 - Hồ sơ nhập học DHV 2026\nHồ sơ nhập học: 6.250.000 đồng\nDHV 2026 - Hồ sơ nhập học DHV 2026\nHồ sơ nhập học: Cơ sở 2: 37 Kinh Dương Vương, P. Phú Lâm, TP.HCM\nDHV 2026 - Hồ sơ nhập học DHV 2026\nHồ sơ nhập học: Nhận Balo DHV .\nDHV 2026 - Hồ sơ nhập học DHV 2026\nHồ sơ nhập học: Giải đáp những thắc mắc trước khi chính thức trở thành sinh viên DHV .""}",INTENT_ERROR,INTENT_ERROR,[]
Q0291,Làm thủ tục DHV cần mang Phần học bổng còn lại tiếp tục được giảm vào học phí Học kỳ II theo từng không?,"{""intent"": ""HOI_HO_SO"", ""status"": ""ok"", ""evidence_ids"": [""ho-so-nhap-hoc-day-du-dhv-2026:enrollment_document_018""]}","{""intent"": ""MULTI_ISSUE"", ""status"": ""ok"", ""answer"": ""### Học phí\nHọc phí HKI (10 tín chỉ): 12.500.000 đồng\n\n### Học bổng\nMình tóm tắt các chính sách và điều kiện học bổng đang có trong dữ liệu DHV 2026:\n- Chính sách học bổng: Mức học bổng: Lên đến 50% học phí học kỳ 2.\n- Chính sách học bổng: 1.16. Học bổng Cam kết hoàn học phí\n- Chính sách học bổng: học bổng lên đến 75 tỷ đồng\n- Chính sách học bổng: 1.1. HỌC PHÍ ỔN ĐỊNH, HỌC BỔNG LÊN ĐẾN 100% HỌC PHÍ\n\n### Hồ sơ\nDHV 2026 - Hồ sơ nhập học DHV 2026\nHồ sơ nhập học: 6.250.000 đồng\nDHV 2026 - Hồ sơ nhập học DHV 2026\nHồ sơ nhập học: Cơ sở 2: 37 Kinh Dương Vương, P. Phú Lâm, TP.HCM\nDHV 2026 - Hồ sơ nhập học DHV 2026\nHồ sơ nhập học: Nhận Balo DHV .\nDHV 2026 - Hồ sơ nhập học DHV 2026\nHồ sơ nhập học: Giải đáp những thắc mắc trước khi chính thức trở thành sinh viên DHV .""}",INTENT_ERROR,INTENT_ERROR,[]
Q0292,Ho so nhap hoc can phan hoc bong con lai tiep tuc duoc giam vao hoc phi hoc ky ii theo tung khong?,"{""intent"": ""HOI_HO_SO"", ""status"": ""ok"", ""evidence_ids"": [""ho-so-nhap-hoc-day-du-dhv-2026:enrollment_document_018""]}","{""intent"": ""MULTI_ISSUE"", ""status"": ""ok"", ""answer"": ""### Học phí\nHọc phí HKI (10 tín chỉ): 12.500.000 đồng\n\n### Học bổng\nMình tóm tắt các chính sách và điều kiện học bổng đang có trong dữ liệu DHV 2026:\n- Chính sách học bổng: Mức học bổng: Lên đến 50% học phí học kỳ 2.\n- Chính sách học bổng: 1.16. Học bổng Cam kết hoàn học phí\n- Chính sách học bổng: học bổng lên đến 75 tỷ đồng\n- Chính sách học bổng: 1.1. HỌC PHÍ ỔN ĐỊNH, HỌC BỔNG LÊN ĐẾN 100% HỌC PHÍ\n\n### Hồ sơ\nDHV 2026 - Hồ sơ nhập học DHV 2026\nHồ sơ nhập học: 6.250.000 đồng\nDHV 2026 - Hồ sơ nhập học DHV 2026\nHồ sơ nhập học: Cơ sở 2: 37 Kinh Dương Vương, P. Phú Lâm, TP.HCM\nDHV 2026 - Hồ sơ nhập học DHV 2026\nHồ sơ nhập học: Nhận Balo DHV .\nDHV 2026 - Hồ sơ nhập học DHV 2026\nHồ sơ nhập học: Giải đáp những thắc mắc trước khi chính thức trở thành sinh viên DHV .""}",INTENT_ERROR,INTENT_ERROR,[]
Q0309,Hồ sơ nhập học có cần Mức học bổng: Lên đến 50% học phí học kỳ 2. không?,"{""intent"": ""HOI_HO_SO"", ""status"": ""ok"", ""evidence_ids"": [""ho-so-nhap-hoc-day-du-dhv-2026:enrollment_document_023""]}","{""intent"": ""MULTI_ISSUE"", ""status"": ""ok"", ""answer"": ""### Học phí\nHọc phí HKI (10 tín chỉ): 12.500.000 đồng\n\n### Học bổng\nMình tóm tắt các chính sách và điều kiện học bổng đang có trong dữ liệu DHV 2026:\n- Chính sách học bổng: Mức học bổng: Lên đến 50% học phí học kỳ 2.\n- Chính sách học bổng: 1.16. Học bổng Cam kết hoàn học phí\n- Chính sách học bổng: học bổng lên đến 75 tỷ đồng\n- Chính sách học bổng: 1.1. HỌC PHÍ ỔN ĐỊNH, HỌC BỔNG LÊN ĐẾN 100% HỌC PHÍ\n\n### Hồ sơ\nDHV 2026 - Hồ sơ nhập học DHV 2026\nHồ sơ nhập học: 6.250.000 đồng\nDHV 2026 - Hồ sơ nhập học DHV 2026\nHồ sơ nhập học: Cơ sở 2: 37 Kinh Dương Vương, P. Phú Lâm, TP.HCM\nDHV 2026 - Hồ sơ nhập học DHV 2026\nHồ sơ nhập học: Nhận Balo DHV .\nDHV 2026 - Hồ sơ nhập học DHV 2026\nHồ sơ nhập học: Giải đáp những thắc mắc trước khi chính thức trở thành sinh viên DHV .""}",INTENT_ERROR,INTENT_ERROR,[]
Q0310,Cho em hỏi giấy tờ nhập học gồm Mức học bổng: Lên đến 50% học phí học kỳ 2. chứ ạ?,"{""intent"": ""HOI_HO_SO"", ""status"": ""ok"", ""evidence_ids"": [""ho-so-nhap-hoc-day-du-dhv-2026:enrollment_document_023""]}","{""intent"": ""MULTI_ISSUE"", ""status"": ""ok"", ""answer"": ""### Học phí\nHọc phí HKI (10 tín chỉ): 12.500.000 đồng\n\n### Học bổng\nMình tóm tắt các chính sách và điều kiện học bổng đang có trong dữ liệu DHV 2026:\n- Chính sách học bổng: Mức học bổng: Lên đến 50% học phí học kỳ 2.\n- Chính sách học bổng: 1.16. Học bổng Cam kết hoàn học phí\n- Chính sách học bổng: học bổng lên đến 75 tỷ đồng\n- Chính sách học bổng: 1.1. HỌC PHÍ ỔN ĐỊNH, HỌC BỔNG LÊN ĐẾN 100% HỌC PHÍ\n\n### Hồ sơ\nDHV 2026 - Hồ sơ nhập học DHV 2026\nHồ sơ nhập học: 6.250.000 đồng\nDHV 2026 - Hồ sơ nhập học DHV 2026\nHồ sơ nhập học: Cơ sở 2: 37 Kinh Dương Vương, P. Phú Lâm, TP.HCM\nDHV 2026 - Hồ sơ nhập học DHV 2026\nHồ sơ nhập học: Nhận Balo DHV .\nDHV 2026 - Hồ sơ nhập học DHV 2026\nHồ sơ nhập học: Giải đáp những thắc mắc trước khi chính thức trở thành sinh viên DHV .""}",INTENT_ERROR,INTENT_ERROR,[]
Q0311,Làm thủ tục DHV cần mang Mức học bổng: Lên đến 50% học phí học kỳ 2. không?,"{""intent"": ""HOI_HO_SO"", ""status"": ""ok"", ""evidence_ids"": [""ho-so-nhap-hoc-day-du-dhv-2026:enrollment_document_023""]}","{""intent"": ""MULTI_ISSUE"", ""status"": ""ok"", ""answer"": ""### Học phí\nHọc phí HKI (10 tín chỉ): 12.500.000 đồng\n\n### Học bổng\nMình tóm tắt các chính sách và điều kiện học bổng đang có trong dữ liệu DHV 2026:\n- Chính sách học bổng: Mức học bổng: Lên đến 50% học phí học kỳ 2.\n- Chính sách học bổng: 1.16. Học bổng Cam kết hoàn học phí\n- Chính sách học bổng: học bổng lên đến 75 tỷ đồng\n- Chính sách học bổng: 1.1. HỌC PHÍ ỔN ĐỊNH, HỌC BỔNG LÊN ĐẾN 100% HỌC PHÍ\n\n### Hồ sơ\nDHV 2026 - Hồ sơ nhập học DHV 2026\nHồ sơ nhập học: 6.250.000 đồng\nDHV 2026 - Hồ sơ nhập học DHV 2026\nHồ sơ nhập học: Cơ sở 2: 37 Kinh Dương Vương, P. Phú Lâm, TP.HCM\nDHV 2026 - Hồ sơ nhập học DHV 2026\nHồ sơ nhập học: Nhận Balo DHV .\nDHV 2026 - Hồ sơ nhập học DHV 2026\nHồ sơ nhập học: Giải đáp những thắc mắc trước khi chính thức trở thành sinh viên DHV .""}",INTENT_ERROR,INTENT_ERROR,[]
Q0312,Ho so nhap hoc can muc hoc bong len den 50 hoc phi hoc ky 2 khong?,"{""intent"": ""HOI_HO_SO"", ""status"": ""ok"", ""evidence_ids"": [""ho-so-nhap-hoc-day-du-dhv-2026:enrollment_document_023""]}","{""intent"": ""MULTI_ISSUE"", ""status"": ""ok"", ""answer"": ""### Học phí\nHọc phí HKI (10 tín chỉ): 12.500.000 đồng\n\n### Học bổng\nMình tóm tắt các chính sách và điều kiện học bổng đang có trong dữ liệu DHV 2026:\n- Chính sách học bổng: Mức học bổng: Lên đến 50% học phí học kỳ 2.\n- Chính sách học bổng: 1.16. Học bổng Cam kết hoàn học phí\n- Chính sách học bổng: học bổng lên đến 75 tỷ đồng\n- Chính sách học bổng: 1.1. HỌC PHÍ ỔN ĐỊNH, HỌC BỔNG LÊN ĐẾN 100% HỌC PHÍ\n\n### Hồ sơ\nDHV 2026 - Hồ sơ nhập học DHV 2026\nHồ sơ nhập học: 6.250.000 đồng\nDHV 2026 - Hồ sơ nhập học DHV 2026\nHồ sơ nhập học: Cơ sở 2: 37 Kinh Dương Vương, P. Phú Lâm, TP.HCM\nDHV 2026 - Hồ sơ nhập học DHV 2026\nHồ sơ nhập học: Nhận Balo DHV .\nDHV 2026 - Hồ sơ nhập học DHV 2026\nHồ sơ nhập học: Giải đáp những thắc mắc trước khi chính thức trở thành sinh viên DHV .""}",INTENT_ERROR,INTENT_ERROR,[]
Q0329,"Làm thủ tục nhập học DHV có liên quan đến Cơ sở 2: 37 Kinh Dương Vương, P. Phú Lâm, TP.HCM thế nào?","{""intent"": ""HOI_NHAP_HOC"", ""status"": ""ok"", ""evidence_ids"": [""ho-so-nhap-hoc-day-du-dhv-2026:enrollment_document_002""]}","{""intent"": ""MULTI_ISSUE"", ""status"": ""ok"", ""answer"": ""### Hồ sơ\nDHV 2026 - Hồ sơ nhập học DHV 2026\nHồ sơ nhập học: 6.250.000 đồng\nDHV 2026 - Hồ sơ nhập học DHV 2026\nHồ sơ nhập học: Cơ sở 2: 37 Kinh Dương Vương, P. Phú Lâm, TP.HCM\nDHV 2026 - Hồ sơ nhập học DHV 2026\nHồ sơ nhập học: Nhận Balo DHV .\nDHV 2026 - Hồ sơ nhập học DHV 2026\nHồ sơ nhập học: Giải đáp những thắc mắc trước khi chính thức trở thành sinh viên DHV .\n\n### Cơ sở và liên hệ\nTôi chưa biết câu trả lời này vì hiện chưa tìm thấy thông tin trong dữ liệu tuyển sinh DHV đã được kiểm chứng. Bạn vui lòng tham khảo thông tin chính thức từ Trường Đại học Hùng Vương TP.HCM.""}",INTENT_ERROR,INTENT_ERROR,[]
Q0330,"Địa điểm/thành phần nhập học có ghi Cơ sở 2: 37 Kinh Dương Vương, P. Phú Lâm, TP.HCM không?","{""intent"": ""HOI_NHAP_HOC"", ""status"": ""ok"", ""evidence_ids"": [""ho-so-nhap-hoc-day-du-dhv-2026:enrollment_document_002""]}","{""intent"": ""MULTI_ISSUE"", ""status"": ""no_data"", ""answer"": ""### Nhập học\nTôi chưa biết câu trả lời này vì hiện chưa tìm thấy thông tin trong dữ liệu tuyển sinh DHV đã được kiểm chứng. Bạn vui lòng tham khảo thông tin chính thức từ Trường Đại học Hùng Vương TP.HCM.\n\n### Cơ sở và liên hệ\nTôi chưa biết câu trả lời này vì hiện chưa tìm thấy thông tin trong dữ liệu tuyển sinh DHV đã được kiểm chứng. Bạn vui lòng tham khảo thông tin chính thức từ Trường Đại học Hùng Vương TP.HCM.""}",INTENT_ERROR,INTENT_ERROR,[]
Q0331,"Khi nhập học trường có hướng dẫn Cơ sở 2: 37 Kinh Dương Vương, P. Phú Lâm, TP.HCM chứ?","{""intent"": ""HOI_NHAP_HOC"", ""status"": ""ok"", ""evidence_ids"": [""ho-so-nhap-hoc-day-du-dhv-2026:enrollment_document_002""]}","{""intent"": ""MULTI_ISSUE"", ""status"": ""no_data"", ""answer"": ""### Nhập học\nTôi chưa biết câu trả lời này vì hiện chưa tìm thấy thông tin trong dữ liệu tuyển sinh DHV đã được kiểm chứng. Bạn vui lòng tham khảo thông tin chính thức từ Trường Đại học Hùng Vương TP.HCM.\n\n### Cơ sở và liên hệ\nTôi chưa biết câu trả lời này vì hiện chưa tìm thấy thông tin trong dữ liệu tuyển sinh DHV đã được kiểm chứng. Bạn vui lòng tham khảo thông tin chính thức từ Trường Đại học Hùng Vương TP.HCM.""}",INTENT_ERROR,INTENT_ERROR,[]
Q0332,Nhap hoc DHV: co so 2 37 kinh duong vuong p phu lam tp hcm?,"{""intent"": ""HOI_NHAP_HOC"", ""status"": ""ok"", ""evidence_ids"": [""ho-so-nhap-hoc-day-du-dhv-2026:enrollment_document_002""]}","{""intent"": ""MULTI_ISSUE"", ""status"": ""no_data"", ""answer"": ""### Nhập học\nTôi chưa biết câu trả lời này vì hiện chưa tìm thấy thông tin trong dữ liệu tuyển sinh DHV đã được kiểm chứng. Bạn vui lòng tham khảo thông tin chính thức từ Trường Đại học Hùng Vương TP.HCM.\n\n### Cơ sở và liên hệ\nTôi chưa biết câu trả lời này vì hiện chưa tìm thấy thông tin trong dữ liệu tuyển sinh DHV đã được kiểm chứng. Bạn vui lòng tham khảo thông tin chính thức từ Trường Đại học Hùng Vương TP.HCM.""}",INTENT_ERROR,INTENT_ERROR,[]
Q0349,"Làm thủ tục nhập học DHV có liên quan đến Cơ sở 2: 194 Lê Đức Thọ, Phường An Nhơn, TP.HCM. thế nào?","{""intent"": ""HOI_NHAP_HOC"", ""status"": ""ok"", ""evidence_ids"": [""ho-so-nhap-hoc-day-du-dhv-2026:enrollment_document_012""]}","{""intent"": ""MULTI_ISSUE"", ""status"": ""ok"", ""answer"": ""### Hồ sơ\nDHV 2026 - Hồ sơ nhập học DHV 2026\nHồ sơ nhập học: 6.250.000 đồng\nDHV 2026 - Hồ sơ nhập học DHV 2026\nHồ sơ nhập học: Cơ sở 2: 37 Kinh Dương Vương, P. Phú Lâm, TP.HCM\nDHV 2026 - Hồ sơ nhập học DHV 2026\nHồ sơ nhập học: Nhận Balo DHV .\nDHV 2026 - Hồ sơ nhập học DHV 2026\nHồ sơ nhập học: Giải đáp những thắc mắc trước khi chính thức trở thành sinh viên DHV .\n\n### Cơ sở và liên hệ\nTôi chưa biết câu trả lời này vì hiện chưa tìm thấy thông tin trong dữ liệu tuyển sinh DHV đã được kiểm chứng. Bạn vui lòng tham khảo thông tin chính thức từ Trường Đại học Hùng Vương TP.HCM.""}",INTENT_ERROR,INTENT_ERROR,[]
Q0350,"Địa điểm/thành phần nhập học có ghi Cơ sở 2: 194 Lê Đức Thọ, Phường An Nhơn, TP.HCM. không?","{""intent"": ""HOI_NHAP_HOC"", ""status"": ""ok"", ""evidence_ids"": [""ho-so-nhap-hoc-day-du-dhv-2026:enrollment_document_012""]}","{""intent"": ""MULTI_ISSUE"", ""status"": ""no_data"", ""answer"": ""### Nhập học\nTôi chưa biết câu trả lời này vì hiện chưa tìm thấy thông tin trong dữ liệu tuyển sinh DHV đã được kiểm chứng. Bạn vui lòng tham khảo thông tin chính thức từ Trường Đại học Hùng Vương TP.HCM.\n\n### Cơ sở và liên hệ\nTôi chưa biết câu trả lời này vì hiện chưa tìm thấy thông tin trong dữ liệu tuyển sinh DHV đã được kiểm chứng. Bạn vui lòng tham khảo thông tin chính thức từ Trường Đại học Hùng Vương TP.HCM.""}",INTENT_ERROR,INTENT_ERROR,[]
Q0351,"Khi nhập học trường có hướng dẫn Cơ sở 2: 194 Lê Đức Thọ, Phường An Nhơn, TP.HCM. chứ?","{""intent"": ""HOI_NHAP_HOC"", ""status"": ""ok"", ""evidence_ids"": [""ho-so-nhap-hoc-day-du-dhv-2026:enrollment_document_012""]}","{""intent"": ""MULTI_ISSUE"", ""status"": ""no_data"", ""answer"": ""### Nhập học\nTôi chưa biết câu trả lời này vì hiện chưa tìm thấy thông tin trong dữ liệu tuyển sinh DHV đã được kiểm chứng. Bạn vui lòng tham khảo thông tin chính thức từ Trường Đại học Hùng Vương TP.HCM.\n\n### Cơ sở và liên hệ\nTôi chưa biết câu trả lời này vì hiện chưa tìm thấy thông tin trong dữ liệu tuyển sinh DHV đã được kiểm chứng. Bạn vui lòng tham khảo thông tin chính thức từ Trường Đại học Hùng Vương TP.HCM.""}",INTENT_ERROR,INTENT_ERROR,[]
Q0352,Nhap hoc DHV: co so 2 194 le duc tho phuong an nhon tp hcm?,"{""intent"": ""HOI_NHAP_HOC"", ""status"": ""ok"", ""evidence_ids"": [""ho-so-nhap-hoc-day-du-dhv-2026:enrollment_document_012""]}","{""intent"": ""MULTI_ISSUE"", ""status"": ""no_data"", ""answer"": ""### Nhập học\nTôi chưa biết câu trả lời này vì hiện chưa tìm thấy thông tin trong dữ liệu tuyển sinh DHV đã được kiểm chứng. Bạn vui lòng tham khảo thông tin chính thức từ Trường Đại học Hùng Vương TP.HCM.\n\n### Cơ sở và liên hệ\nTôi chưa biết câu trả lời này vì hiện chưa tìm thấy thông tin trong dữ liệu tuyển sinh DHV đã được kiểm chứng. Bạn vui lòng tham khảo thông tin chính thức từ Trường Đại học Hùng Vương TP.HCM.""}",INTENT_ERROR,INTENT_ERROR,[]
Q0369,Làm thủ tục nhập học DHV có liên quan đến Giấy chứng nhận kết quả thi tốt nghiệp THPT năm 2026. thế nào?,"{""intent"": ""HOI_NHAP_HOC"", ""status"": ""ok"", ""evidence_ids"": [""ho-so-nhap-hoc-day-du-dhv-2026:enrollment_document_010""]}","{""intent"": ""HOI_PHUONG_THUC_XET_TUYEN"", ""status"": ""ok"", ""answer"": ""DHV 2026 - Phương thức xét tuyển và học bổng DHV 2026\nPhương thức xét tuyển 1: Xét kết quả kỳ thi tốt nghiệp THPT năm 2026""}",INTENT_ERROR,INTENT_ERROR,"[""phuong-thuc-xet-tuyen-va-hoc-bong-dhv-2026:admission_method_001""]"
Q0370,Địa điểm/thành phần nhập học có ghi Giấy chứng nhận kết quả thi tốt nghiệp THPT năm 2026. không?,"{""intent"": ""HOI_NHAP_HOC"", ""status"": ""ok"", ""evidence_ids"": [""ho-so-nhap-hoc-day-du-dhv-2026:enrollment_document_010""]}","{""intent"": ""HOI_NHAP_HOC"", ""status"": ""no_data"", ""answer"": ""Tôi chưa biết câu trả lời này vì hiện chưa tìm thấy thông tin trong dữ liệu tuyển sinh DHV đã được kiểm chứng. Bạn vui lòng tham khảo thông tin chính thức từ Trường Đại học Hùng Vương TP.HCM.""}",EVIDENCE_ERROR,EVIDENCE_ERROR,[]
Q0371,Khi nhập học trường có hướng dẫn Giấy chứng nhận kết quả thi tốt nghiệp THPT năm 2026. chứ?,"{""intent"": ""HOI_NHAP_HOC"", ""status"": ""ok"", ""evidence_ids"": [""ho-so-nhap-hoc-day-du-dhv-2026:enrollment_document_010""]}","{""intent"": ""HOI_NHAP_HOC"", ""status"": ""no_data"", ""answer"": ""Tôi chưa biết câu trả lời này vì hiện chưa tìm thấy thông tin trong dữ liệu tuyển sinh DHV đã được kiểm chứng. Bạn vui lòng tham khảo thông tin chính thức từ Trường Đại học Hùng Vương TP.HCM.""}",EVIDENCE_ERROR,EVIDENCE_ERROR,[]
Q0372,Nhap hoc DHV: giay chung nhan ket qua thi tot nghiep thpt nam 2026?,"{""intent"": ""HOI_NHAP_HOC"", ""status"": ""ok"", ""evidence_ids"": [""ho-so-nhap-hoc-day-du-dhv-2026:enrollment_document_010""]}","{""intent"": ""HOI_NHAP_HOC"", ""status"": ""no_data"", ""answer"": ""Tôi chưa biết câu trả lời này vì hiện chưa tìm thấy thông tin trong dữ liệu tuyển sinh DHV đã được kiểm chứng. Bạn vui lòng tham khảo thông tin chính thức từ Trường Đại học Hùng Vương TP.HCM.""}",EVIDENCE_ERROR,EVIDENCE_ERROR,[]
Q0469,Ngôn ngữ Anh có xét theo ĐGNL không?,"{""intent"": ""HOI_PHUONG_THUC_XET_TUYEN"", ""status"": ""ok"", ""evidence_ids"": [""phuong-thuc-xet-tuyen-va-hoc-bong-dhv-2026:application_threshold_dgnl_004_7220201""]}","{""intent"": ""HOI_PHUONG_THUC_XET_TUYEN"", ""status"": ""no_data"", ""answer"": ""Tôi chưa biết câu trả lời này vì hiện chưa tìm thấy thông tin trong dữ liệu tuyển sinh DHV đã được kiểm chứng. Bạn vui lòng tham khảo thông tin chính thức từ Trường Đại học Hùng Vương TP.HCM.""}",EVIDENCE_ERROR,EVIDENCE_ERROR,[]
Q0470,Phương thức ĐGNL có áp dụng cho Ngôn ngữ Anh chứ?,"{""intent"": ""HOI_PHUONG_THUC_XET_TUYEN"", ""status"": ""ok"", ""evidence_ids"": [""phuong-thuc-xet-tuyen-va-hoc-bong-dhv-2026:application_threshold_dgnl_004_7220201""]}","{""intent"": ""HOI_PHUONG_THUC_XET_TUYEN"", ""status"": ""no_data"", ""answer"": ""Tôi chưa biết câu trả lời này vì hiện chưa tìm thấy thông tin trong dữ liệu tuyển sinh DHV đã được kiểm chứng. Bạn vui lòng tham khảo thông tin chính thức từ Trường Đại học Hùng Vương TP.HCM.""}",EVIDENCE_ERROR,EVIDENCE_ERROR,[]
Q0471,Em muốn dùng ĐGNL đăng ký Ngôn ngữ Anh được không ạ?,"{""intent"": ""HOI_PHUONG_THUC_XET_TUYEN"", ""status"": ""ok"", ""evidence_ids"": [""phuong-thuc-xet-tuyen-va-hoc-bong-dhv-2026:application_threshold_dgnl_004_7220201""]}","{""intent"": ""HOI_PHUONG_THUC_XET_TUYEN"", ""status"": ""no_data"", ""answer"": ""Tôi chưa biết câu trả lời này vì hiện chưa tìm thấy thông tin trong dữ liệu tuyển sinh DHV đã được kiểm chứng. Bạn vui lòng tham khảo thông tin chính thức từ Trường Đại học Hùng Vương TP.HCM.""}",EVIDENCE_ERROR,EVIDENCE_ERROR,[]
Q0472,Ngôn ngữ Anh xet dgnl duoc khong?,"{""intent"": ""HOI_PHUONG_THUC_XET_TUYEN"", ""status"": ""ok"", ""evidence_ids"": [""phuong-thuc-xet-tuyen-va-hoc-bong-dhv-2026:application_threshold_dgnl_004_7220201""]}","{""intent"": ""HOI_PHUONG_THUC_XET_TUYEN"", ""status"": ""no_data"", ""answer"": ""Tôi chưa biết câu trả lời này vì hiện chưa tìm thấy thông tin trong dữ liệu tuyển sinh DHV đã được kiểm chứng. Bạn vui lòng tham khảo thông tin chính thức từ Trường Đại học Hùng Vương TP.HCM.""}",EVIDENCE_ERROR,EVIDENCE_ERROR,[]
Q0489,Tâm lý học có xét theo ĐGNL không?,"{""intent"": ""HOI_PHUONG_THUC_XET_TUYEN"", ""status"": ""ok"", ""evidence_ids"": [""phuong-thuc-xet-tuyen-va-hoc-bong-dhv-2026:application_threshold_dgnl_004_7310401""]}","{""intent"": ""HOI_PHUONG_THUC_XET_TUYEN"", ""status"": ""no_data"", ""answer"": ""Tôi chưa biết câu trả lời này vì hiện chưa tìm thấy thông tin trong dữ liệu tuyển sinh DHV đã được kiểm chứng. Bạn vui lòng tham khảo thông tin chính thức từ Trường Đại học Hùng Vương TP.HCM.""}",EVIDENCE_ERROR,EVIDENCE_ERROR,[]
Q0490,Phương thức ĐGNL có áp dụng cho Tâm lý học chứ?,"{""intent"": ""HOI_PHUONG_THUC_XET_TUYEN"", ""status"": ""ok"", ""evidence_ids"": [""phuong-thuc-xet-tuyen-va-hoc-bong-dhv-2026:application_threshold_dgnl_004_7310401""]}","{""intent"": ""HOI_PHUONG_THUC_XET_TUYEN"", ""status"": ""no_data"", ""answer"": ""Tôi chưa biết câu trả lời này vì hiện chưa tìm thấy thông tin trong dữ liệu tuyển sinh DHV đã được kiểm chứng. Bạn vui lòng tham khảo thông tin chính thức từ Trường Đại học Hùng Vương TP.HCM.""}",EVIDENCE_ERROR,EVIDENCE_ERROR,[]
Q0491,Em muốn dùng ĐGNL đăng ký Tâm lý học được không ạ?,"{""intent"": ""HOI_PHUONG_THUC_XET_TUYEN"", ""status"": ""ok"", ""evidence_ids"": [""phuong-thuc-xet-tuyen-va-hoc-bong-dhv-2026:application_threshold_dgnl_004_7310401""]}","{""intent"": ""HOI_PHUONG_THUC_XET_TUYEN"", ""status"": ""no_data"", ""answer"": ""Tôi chưa biết câu trả lời này vì hiện chưa tìm thấy thông tin trong dữ liệu tuyển sinh DHV đã được kiểm chứng. Bạn vui lòng tham khảo thông tin chính thức từ Trường Đại học Hùng Vương TP.HCM.""}",EVIDENCE_ERROR,EVIDENCE_ERROR,[]
Q0492,Tâm lý học xet dgnl duoc khong?,"{""intent"": ""HOI_PHUONG_THUC_XET_TUYEN"", ""status"": ""ok"", ""evidence_ids"": [""phuong-thuc-xet-tuyen-va-hoc-bong-dhv-2026:application_threshold_dgnl_004_7310401""]}","{""intent"": ""HOI_PHUONG_THUC_XET_TUYEN"", ""status"": ""no_data"", ""answer"": ""Tôi chưa biết câu trả lời này vì hiện chưa tìm thấy thông tin trong dữ liệu tuyển sinh DHV đã được kiểm chứng. Bạn vui lòng tham khảo thông tin chính thức từ Trường Đại học Hùng Vương TP.HCM.""}",EVIDENCE_ERROR,EVIDENCE_ERROR,[]
Q0509,Công nghệ tài chính có xét theo ĐGNL không?,"{""intent"": ""HOI_PHUONG_THUC_XET_TUYEN"", ""status"": ""ok"", ""evidence_ids"": [""phuong-thuc-xet-tuyen-va-hoc-bong-dhv-2026:application_threshold_dgnl_004_7340205""]}","{""intent"": ""HOI_PHUONG_THUC_XET_TUYEN"", ""status"": ""no_data"", ""answer"": ""Tôi chưa biết câu trả lời này vì hiện chưa tìm thấy thông tin trong dữ liệu tuyển sinh DHV đã được kiểm chứng. Bạn vui lòng tham khảo thông tin chính thức từ Trường Đại học Hùng Vương TP.HCM.""}",EVIDENCE_ERROR,EVIDENCE_ERROR,[]
Q0510,Phương thức ĐGNL có áp dụng cho Công nghệ tài chính chứ?,"{""intent"": ""HOI_PHUONG_THUC_XET_TUYEN"", ""status"": ""ok"", ""evidence_ids"": [""phuong-thuc-xet-tuyen-va-hoc-bong-dhv-2026:application_threshold_dgnl_004_7340205""]}","{""intent"": ""HOI_PHUONG_THUC_XET_TUYEN"", ""status"": ""no_data"", ""answer"": ""Tôi chưa biết câu trả lời này vì hiện chưa tìm thấy thông tin trong dữ liệu tuyển sinh DHV đã được kiểm chứng. Bạn vui lòng tham khảo thông tin chính thức từ Trường Đại học Hùng Vương TP.HCM.""}",EVIDENCE_ERROR,EVIDENCE_ERROR,[]
Q0511,Em muốn dùng ĐGNL đăng ký Công nghệ tài chính được không ạ?,"{""intent"": ""HOI_PHUONG_THUC_XET_TUYEN"", ""status"": ""ok"", ""evidence_ids"": [""phuong-thuc-xet-tuyen-va-hoc-bong-dhv-2026:application_threshold_dgnl_004_7340205""]}","{""intent"": ""HOI_PHUONG_THUC_XET_TUYEN"", ""status"": ""no_data"", ""answer"": ""Tôi chưa biết câu trả lời này vì hiện chưa tìm thấy thông tin trong dữ liệu tuyển sinh DHV đã được kiểm chứng. Bạn vui lòng tham khảo thông tin chính thức từ Trường Đại học Hùng Vương TP.HCM.""}",EVIDENCE_ERROR,EVIDENCE_ERROR,[]
Q0512,Công nghệ tài chính xet dgnl duoc khong?,"{""intent"": ""HOI_PHUONG_THUC_XET_TUYEN"", ""status"": ""ok"", ""evidence_ids"": [""phuong-thuc-xet-tuyen-va-hoc-bong-dhv-2026:application_threshold_dgnl_004_7340205""]}","{""intent"": ""HOI_PHUONG_THUC_XET_TUYEN"", ""status"": ""no_data"", ""answer"": ""Tôi chưa biết câu trả lời này vì hiện chưa tìm thấy thông tin trong dữ liệu tuyển sinh DHV đã được kiểm chứng. Bạn vui lòng tham khảo thông tin chính thức từ Trường Đại học Hùng Vương TP.HCM.""}",EVIDENCE_ERROR,EVIDENCE_ERROR,[]
Q0561,Thông tin tuyển sinh DHV năm 2027,"{""intent"": ""SCHOOL_INFO"", ""status"": ""no_data"", ""evidence_ids"": []}","{""intent"": ""OUT_OF_SCOPE"", ""status"": ""out_of_scope"", ""answer"": ""Tôi không thể trả lời câu hỏi này vì nội dung không nằm trong phạm vi tuyển sinh của Trường Đại học Hùng Vương TP.HCM. Tôi chỉ hỗ trợ các câu hỏi liên quan đến tuyển sinh của trường.""}",INTENT_ERROR,INTENT_ERROR,[]
Q0562,Cho em biết giúp: Thông tin tuyển sinh DHV năm 2027,"{""intent"": ""SCHOOL_INFO"", ""status"": ""no_data"", ""evidence_ids"": []}","{""intent"": ""HOI_NGANH"", ""status"": ""no_data"", ""answer"": ""Tôi chưa biết câu trả lời này vì hiện chưa tìm thấy thông tin trong dữ liệu tuyển sinh DHV đã được kiểm chứng. Bạn vui lòng tham khảo thông tin chính thức từ Trường Đại học Hùng Vương TP.HCM.""}",INTENT_ERROR,INTENT_ERROR,[]
Q0563,"Theo dữ liệu đang có, Thông tin tuyển sinh DHV năm 2027","{""intent"": ""SCHOOL_INFO"", ""status"": ""no_data"", ""evidence_ids"": []}","{""intent"": ""OUT_OF_SCOPE"", ""status"": ""out_of_scope"", ""answer"": ""Tôi không thể trả lời câu hỏi này vì nội dung không nằm trong phạm vi tuyển sinh của Trường Đại học Hùng Vương TP.HCM. Tôi chỉ hỗ trợ các câu hỏi liên quan đến tuyển sinh của trường.""}",INTENT_ERROR,INTENT_ERROR,[]
Q0564,"Với năm được hỏi, Thông tin tuyển sinh DHV năm 2027","{""intent"": ""SCHOOL_INFO"", ""status"": ""no_data"", ""evidence_ids"": []}","{""intent"": ""OUT_OF_SCOPE"", ""status"": ""out_of_scope"", ""answer"": ""Tôi không thể trả lời câu hỏi này vì nội dung không nằm trong phạm vi tuyển sinh của Trường Đại học Hùng Vương TP.HCM. Tôi chỉ hỗ trợ các câu hỏi liên quan đến tuyển sinh của trường.""}",INTENT_ERROR,INTENT_ERROR,[]
Q0651,Phụ huynh muốn biết gói học bổng tham chiếu 2 năm 2026.,"{""intent"": ""HOI_HOC_BONG"", ""status"": ""ok"", ""evidence_ids"": [""diem-trung-tuyen-va-nhap-hoc-dhv-2026:scholarship_policy_002""]}","{""intent"": ""HOI_HOC_BONG"", ""status"": ""ok"", ""answer"": ""Mình tóm tắt các chính sách và điều kiện học bổng đang có trong dữ liệu DHV 2026:\n- Chính sách học bổng: Mức học bổng: Lên đến 50% học phí học kỳ 2.\n- Chính sách học bổng: 1.16. Học bổng Cam kết hoàn học phí\n- Chính sách học bổng: học bổng lên đến 75 tỷ đồng\n- Chính sách học bổng: HỌC BỔNG - HỌC PHÍ""}",EVIDENCE_ERROR,EVIDENCE_ERROR,"[""ho-so-nhap-hoc-day-du-dhv-2026:scholarship_policy_004"", ""phuong-thuc-xet-tuyen-va-hoc-bong-dhv-2026:scholarship_policy_002"", ""phuong-thuc-xet-tuyen-va-hoc-bong-dhv-2026:scholarship_policy_016"", ""tong-quan-tuyen-sinh-dhv-2026:scholarship_policy_001""]"
Q0669,DHV có thông tin học bổng mục tham chiếu 7 không?,"{""intent"": ""HOI_HOC_BONG"", ""status"": ""ok"", ""evidence_ids"": [""phuong-thuc-xet-tuyen-va-hoc-bong-dhv-2026:scholarship_policy_002""]}","{""intent"": ""HOI_HOC_BONG"", ""status"": ""ok"", ""answer"": ""Mình tóm tắt các chính sách và điều kiện học bổng đang có trong dữ liệu DHV 2026:\n- Chính sách học bổng: Mức học bổng: Lên đến 50% học phí học kỳ 2.\n- Chính sách học bổng: học bổng kỷ lục lên đến 75 tỷ đồng. Trong đó, Học bổng Tài năng có mức hỗ trợ từ 30%\n- Chính sách học bổng: Mức học bổng 50% học phí năm học đầu tiên, áp dụng cho các ngành: Quản lý\n- Điều kiện nhận học bổng tuyển sinh DHV 2026:\n- 1.1. HỌC PHÍ ỔN ĐỊNH, HỌC BỔNG LÊN ĐẾN 100% HỌC PHÍ\n- học bổng kỷ lục lên đến 75 tỷ đồng. Trong đó, Học bổng Tài năng có mức hỗ trợ từ 30%""}",EVIDENCE_ERROR,EVIDENCE_ERROR,"[""diem-trung-tuyen-va-nhap-hoc-dhv-2026:scholarship_policy_002"", ""diem-trung-tuyen-va-nhap-hoc-dhv-2026:scholarship_summary"", ""ho-so-nhap-hoc-day-du-dhv-2026:scholarship_policy_004"", ""phuong-thuc-xet-tuyen-va-hoc-bong-dhv-2026:scholarship_policy_013""]"
Q0670,Cho em hỏi chính sách học bổng DHV mục 7.,"{""intent"": ""HOI_HOC_BONG"", ""status"": ""ok"", ""evidence_ids"": [""phuong-thuc-xet-tuyen-va-hoc-bong-dhv-2026:scholarship_policy_002""]}","{""intent"": ""HOI_HOC_BONG"", ""status"": ""ok"", ""answer"": ""Mình tóm tắt các chính sách và điều kiện học bổng đang có trong dữ liệu DHV 2026:\n- Chính sách học bổng: Mức học bổng: Lên đến 50% học phí học kỳ 2.\n- Chính sách học bổng: học bổng kỷ lục lên đến 75 tỷ đồng. Trong đó, Học bổng Tài năng có mức hỗ trợ từ 30%\n- Chính sách học bổng: Mức học bổng 50% học phí năm học đầu tiên, áp dụng cho các ngành: Quản lý\n- Chính sách học bổng: Mức học bổng từ 30% đến 100% học phí toàn khóa, dành cho thí sinh có thành""}",EVIDENCE_ERROR,EVIDENCE_ERROR,"[""diem-trung-tuyen-va-nhap-hoc-dhv-2026:scholarship_policy_002"", ""ho-so-nhap-hoc-day-du-dhv-2026:scholarship_policy_004"", ""phuong-thuc-xet-tuyen-va-hoc-bong-dhv-2026:scholarship_policy_012"", ""phuong-thuc-xet-tuyen-va-hoc-bong-dhv-2026:scholarship_policy_013""]"
Q0672,Hoc bong DHV muc tham chieu 7 sao ạ?,"{""intent"": ""HOI_HOC_BONG"", ""status"": ""ok"", ""evidence_ids"": [""phuong-thuc-xet-tuyen-va-hoc-bong-dhv-2026:scholarship_policy_002""]}","{""intent"": ""HOI_HOC_BONG"", ""status"": ""ok"", ""answer"": ""Mình tóm tắt các chính sách và điều kiện học bổng đang có trong dữ liệu DHV 2026:\n- Chính sách học bổng: Mức học bổng: Lên đến 50% học phí học kỳ 2.\n- Chính sách học bổng: học bổng kỷ lục lên đến 75 tỷ đồng. Trong đó, Học bổng Tài năng có mức hỗ trợ từ 30%\n- Chính sách học bổng: Mức học bổng 50% học phí năm học đầu tiên, áp dụng cho các ngành: Quản lý\n- Chính sách học bổng: Mức học bổng từ 30% đến 100% học phí toàn khóa, dành cho thí sinh có thành""}",EVIDENCE_ERROR,EVIDENCE_ERROR,"[""diem-trung-tuyen-va-nhap-hoc-dhv-2026:scholarship_policy_002"", ""ho-so-nhap-hoc-day-du-dhv-2026:scholarship_policy_004"", ""phuong-thuc-xet-tuyen-va-hoc-bong-dhv-2026:scholarship_policy_012"", ""phuong-thuc-xet-tuyen-va-hoc-bong-dhv-2026:scholarship_policy_013""]"
Q0689,DHV có thông tin học bổng mục tham chiếu 12 không?,"{""intent"": ""HOI_HOC_BONG"", ""status"": ""ok"", ""evidence_ids"": [""phuong-thuc-xet-tuyen-va-hoc-bong-dhv-2026:scholarship_policy_007""]}","{""intent"": ""HOI_HOC_BONG"", ""status"": ""ok"", ""answer"": ""Mình tóm tắt các chính sách và điều kiện học bổng đang có trong dữ liệu DHV 2026:\n- Chính sách học bổng: Mức học bổng: Lên đến 50% học phí học kỳ 2.\n- Chính sách học bổng: học bổng kỷ lục lên đến 75 tỷ đồng. Trong đó, Học bổng Tài năng có mức hỗ trợ từ 30%\n- Chính sách học bổng: Mức học bổng 50% học phí năm học đầu tiên, áp dụng cho các ngành: Quản lý\n- Điều kiện nhận học bổng tuyển sinh DHV 2026:\n- 1.1. HỌC PHÍ ỔN ĐỊNH, HỌC BỔNG LÊN ĐẾN 100% HỌC PHÍ\n- học bổng kỷ lục lên đến 75 tỷ đồng. Trong đó, Học bổng Tài năng có mức hỗ trợ từ 30%""}",EVIDENCE_ERROR,EVIDENCE_ERROR,"[""diem-trung-tuyen-va-nhap-hoc-dhv-2026:scholarship_policy_002"", ""diem-trung-tuyen-va-nhap-hoc-dhv-2026:scholarship_summary"", ""ho-so-nhap-hoc-day-du-dhv-2026:scholarship_policy_004"", ""phuong-thuc-xet-tuyen-va-hoc-bong-dhv-2026:scholarship_policy_013""]"
Q0690,Cho em hỏi chính sách học bổng DHV mục 12.,"{""intent"": ""HOI_HOC_BONG"", ""status"": ""ok"", ""evidence_ids"": [""phuong-thuc-xet-tuyen-va-hoc-bong-dhv-2026:scholarship_policy_007""]}","{""intent"": ""HOI_HOC_BONG"", ""status"": ""ok"", ""answer"": ""Mình tóm tắt các chính sách và điều kiện học bổng đang có trong dữ liệu DHV 2026:\n- Chính sách học bổng: Mức học bổng: Lên đến 50% học phí học kỳ 2.\n- Chính sách học bổng: học bổng kỷ lục lên đến 75 tỷ đồng. Trong đó, Học bổng Tài năng có mức hỗ trợ từ 30%\n- Chính sách học bổng: Mức học bổng 50% học phí năm học đầu tiên, áp dụng cho các ngành: Quản lý\n- Chính sách học bổng: Mức học bổng từ 30% đến 100% học phí toàn khóa, dành cho thí sinh có thành""}",EVIDENCE_ERROR,EVIDENCE_ERROR,"[""diem-trung-tuyen-va-nhap-hoc-dhv-2026:scholarship_policy_002"", ""ho-so-nhap-hoc-day-du-dhv-2026:scholarship_policy_004"", ""phuong-thuc-xet-tuyen-va-hoc-bong-dhv-2026:scholarship_policy_012"", ""phuong-thuc-xet-tuyen-va-hoc-bong-dhv-2026:scholarship_policy_013""]"
Q0691,Phụ huynh muốn biết gói học bổng tham chiếu 12 năm 2026.,"{""intent"": ""HOI_HOC_BONG"", ""status"": ""ok"", ""evidence_ids"": [""phuong-thuc-xet-tuyen-va-hoc-bong-dhv-2026:scholarship_policy_007""]}","{""intent"": ""HOI_HOC_BONG"", ""status"": ""ok"", ""answer"": ""Mình tóm tắt các chính sách và điều kiện học bổng đang có trong dữ liệu DHV 2026:\n- Chính sách học bổng: Mức học bổng: Lên đến 50% học phí học kỳ 2.\n- Chính sách học bổng: 1.16. Học bổng Cam kết hoàn học phí\n- Chính sách học bổng: học bổng lên đến 75 tỷ đồng\n- Chính sách học bổng: HỌC BỔNG - HỌC PHÍ""}",EVIDENCE_ERROR,EVIDENCE_ERROR,"[""ho-so-nhap-hoc-day-du-dhv-2026:scholarship_policy_004"", ""phuong-thuc-xet-tuyen-va-hoc-bong-dhv-2026:scholarship_policy_002"", ""phuong-thuc-xet-tuyen-va-hoc-bong-dhv-2026:scholarship_policy_016"", ""tong-quan-tuyen-sinh-dhv-2026:scholarship_policy_001""]"
Q0692,Hoc bong DHV muc tham chieu 12 sao ạ?,"{""intent"": ""HOI_HOC_BONG"", ""status"": ""ok"", ""evidence_ids"": [""phuong-thuc-xet-tuyen-va-hoc-bong-dhv-2026:scholarship_policy_007""]}","{""intent"": ""HOI_HOC_BONG"", ""status"": ""ok"", ""answer"": ""Mình tóm tắt các chính sách và điều kiện học bổng đang có trong dữ liệu DHV 2026:\n- Chính sách học bổng: Mức học bổng: Lên đến 50% học phí học kỳ 2.\n- Chính sách học bổng: học bổng kỷ lục lên đến 75 tỷ đồng. Trong đó, Học bổng Tài năng có mức hỗ trợ từ 30%\n- Chính sách học bổng: Mức học bổng 50% học phí năm học đầu tiên, áp dụng cho các ngành: Quản lý\n- Chính sách học bổng: Mức học bổng từ 30% đến 100% học phí toàn khóa, dành cho thí sinh có thành""}",EVIDENCE_ERROR,EVIDENCE_ERROR,"[""diem-trung-tuyen-va-nhap-hoc-dhv-2026:scholarship_policy_002"", ""ho-so-nhap-hoc-day-du-dhv-2026:scholarship_policy_004"", ""phuong-thuc-xet-tuyen-va-hoc-bong-dhv-2026:scholarship_policy_012"", ""phuong-thuc-xet-tuyen-va-hoc-bong-dhv-2026:scholarship_policy_013""]"
Q0709,DHV có thông tin học bổng mục tham chiếu 17 không?,"{""intent"": ""HOI_HOC_BONG"", ""status"": ""ok"", ""evidence_ids"": [""phuong-thuc-xet-tuyen-va-hoc-bong-dhv-2026:scholarship_policy_012""]}","{""intent"": ""HOI_HOC_BONG"", ""status"": ""ok"", ""answer"": ""Mình tóm tắt các chính sách và điều kiện học bổng đang có trong dữ liệu DHV 2026:\n- Chính sách học bổng: Mức học bổng: Lên đến 50% học phí học kỳ 2.\n- Chính sách học bổng: học bổng kỷ lục lên đến 75 tỷ đồng. Trong đó, Học bổng Tài năng có mức hỗ trợ từ 30%\n- Chính sách học bổng: Mức học bổng 50% học phí năm học đầu tiên, áp dụng cho các ngành: Quản lý\n- Điều kiện nhận học bổng tuyển sinh DHV 2026:\n- 1.1. HỌC PHÍ ỔN ĐỊNH, HỌC BỔNG LÊN ĐẾN 100% HỌC PHÍ\n- học bổng kỷ lục lên đến 75 tỷ đồng. Trong đó, Học bổng Tài năng có mức hỗ trợ từ 30%""}",EVIDENCE_ERROR,EVIDENCE_ERROR,"[""diem-trung-tuyen-va-nhap-hoc-dhv-2026:scholarship_policy_002"", ""diem-trung-tuyen-va-nhap-hoc-dhv-2026:scholarship_summary"", ""ho-so-nhap-hoc-day-du-dhv-2026:scholarship_policy_004"", ""phuong-thuc-xet-tuyen-va-hoc-bong-dhv-2026:scholarship_policy_013""]"
Q0711,Phụ huynh muốn biết gói học bổng tham chiếu 17 năm 2026.,"{""intent"": ""HOI_HOC_BONG"", ""status"": ""ok"", ""evidence_ids"": [""phuong-thuc-xet-tuyen-va-hoc-bong-dhv-2026:scholarship_policy_012""]}","{""intent"": ""HOI_HOC_BONG"", ""status"": ""ok"", ""answer"": ""Mình tóm tắt các chính sách và điều kiện học bổng đang có trong dữ liệu DHV 2026:\n- Chính sách học bổng: Mức học bổng: Lên đến 50% học phí học kỳ 2.\n- Chính sách học bổng: 1.16. Học bổng Cam kết hoàn học phí\n- Chính sách học bổng: học bổng lên đến 75 tỷ đồng\n- Chính sách học bổng: HỌC BỔNG - HỌC PHÍ""}",EVIDENCE_ERROR,EVIDENCE_ERROR,"[""ho-so-nhap-hoc-day-du-dhv-2026:scholarship_policy_004"", ""phuong-thuc-xet-tuyen-va-hoc-bong-dhv-2026:scholarship_policy_002"", ""phuong-thuc-xet-tuyen-va-hoc-bong-dhv-2026:scholarship_policy_016"", ""tong-quan-tuyen-sinh-dhv-2026:scholarship_policy_001""]"
Q0712,Hoc bong DHV muc tham chieu 17 sao ạ?,"{""intent"": ""HOI_HOC_BONG"", ""status"": ""ok"", ""evidence_ids"": [""phuong-thuc-xet-tuyen-va-hoc-bong-dhv-2026:scholarship_policy_012""]}","{""intent"": ""HOI_HOC_BONG"", ""status"": ""ok"", ""answer"": ""Mình tóm tắt các chính sách và điều kiện học bổng đang có trong dữ liệu DHV 2026:\n- Chính sách học bổng: Mức học bổng: Lên đến 50% học phí học kỳ 2.\n- Chính sách học bổng: học bổng kỷ lục lên đến 75 tỷ đồng. Trong đó, Học bổng Tài năng có mức hỗ trợ từ 30%\n- Chính sách học bổng: Mức học bổng 50% học phí năm học đầu tiên, áp dụng cho các ngành: Quản lý\n- Điều kiện nhận học bổng tuyển sinh DHV 2026:\n- 1.1. HỌC PHÍ ỔN ĐỊNH, HỌC BỔNG LÊN ĐẾN 100% HỌC PHÍ\n- học bổng kỷ lục lên đến 75 tỷ đồng. Trong đó, Học bổng Tài năng có mức hỗ trợ từ 30%""}",EVIDENCE_ERROR,EVIDENCE_ERROR,"[""diem-trung-tuyen-va-nhap-hoc-dhv-2026:scholarship_policy_002"", ""diem-trung-tuyen-va-nhap-hoc-dhv-2026:scholarship_summary"", ""ho-so-nhap-hoc-day-du-dhv-2026:scholarship_policy_004"", ""phuong-thuc-xet-tuyen-va-hoc-bong-dhv-2026:scholarship_policy_013""]"
Q0729,DHV có thông tin học bổng mục tham chiếu 22 không?,"{""intent"": ""HOI_HOC_BONG"", ""status"": ""ok"", ""evidence_ids"": [""tong-quan-tuyen-sinh-dhv-2026:scholarship_policy_001""]}","{""intent"": ""HOI_HOC_BONG"", ""status"": ""ok"", ""answer"": ""Mình tóm tắt các chính sách và điều kiện học bổng đang có trong dữ liệu DHV 2026:\n- Chính sách học bổng: Mức học bổng: Lên đến 50% học phí học kỳ 2.\n- Chính sách học bổng: học bổng kỷ lục lên đến 75 tỷ đồng. Trong đó, Học bổng Tài năng có mức hỗ trợ từ 30%\n- Chính sách học bổng: Mức học bổng 50% học phí năm học đầu tiên, áp dụng cho các ngành: Quản lý\n- Điều kiện nhận học bổng tuyển sinh DHV 2026:\n- 1.1. HỌC PHÍ ỔN ĐỊNH, HỌC BỔNG LÊN ĐẾN 100% HỌC PHÍ\n- học bổng kỷ lục lên đến 75 tỷ đồng. Trong đó, Học bổng Tài năng có mức hỗ trợ từ 30%""}",EVIDENCE_ERROR,EVIDENCE_ERROR,"[""diem-trung-tuyen-va-nhap-hoc-dhv-2026:scholarship_policy_002"", ""diem-trung-tuyen-va-nhap-hoc-dhv-2026:scholarship_summary"", ""ho-so-nhap-hoc-day-du-dhv-2026:scholarship_policy_004"", ""phuong-thuc-xet-tuyen-va-hoc-bong-dhv-2026:scholarship_policy_013""]"
Q0730,Cho em hỏi chính sách học bổng DHV mục 22.,"{""intent"": ""HOI_HOC_BONG"", ""status"": ""ok"", ""evidence_ids"": [""tong-quan-tuyen-sinh-dhv-2026:scholarship_policy_001""]}","{""intent"": ""HOI_HOC_BONG"", ""status"": ""ok"", ""answer"": ""Mình tóm tắt các chính sách và điều kiện học bổng đang có trong dữ liệu DHV 2026:\n- Chính sách học bổng: Mức học bổng: Lên đến 50% học phí học kỳ 2.\n- Chính sách học bổng: học bổng kỷ lục lên đến 75 tỷ đồng. Trong đó, Học bổng Tài năng có mức hỗ trợ từ 30%\n- Chính sách học bổng: Mức học bổng 50% học phí năm học đầu tiên, áp dụng cho các ngành: Quản lý\n- Chính sách học bổng: Mức học bổng từ 30% đến 100% học phí toàn khóa, dành cho thí sinh có thành""}",EVIDENCE_ERROR,EVIDENCE_ERROR,"[""diem-trung-tuyen-va-nhap-hoc-dhv-2026:scholarship_policy_002"", ""ho-so-nhap-hoc-day-du-dhv-2026:scholarship_policy_004"", ""phuong-thuc-xet-tuyen-va-hoc-bong-dhv-2026:scholarship_policy_012"", ""phuong-thuc-xet-tuyen-va-hoc-bong-dhv-2026:scholarship_policy_013""]"
Q0732,Hoc bong DHV muc tham chieu 22 sao ạ?,"{""intent"": ""HOI_HOC_BONG"", ""status"": ""ok"", ""evidence_ids"": [""tong-quan-tuyen-sinh-dhv-2026:scholarship_policy_001""]}","{""intent"": ""HOI_HOC_BONG"", ""status"": ""ok"", ""answer"": ""Mình tóm tắt các chính sách và điều kiện học bổng đang có trong dữ liệu DHV 2026:\n- Chính sách học bổng: Mức học bổng: Lên đến 50% học phí học kỳ 2.\n- Chính sách học bổng: học bổng kỷ lục lên đến 75 tỷ đồng. Trong đó, Học bổng Tài năng có mức hỗ trợ từ 30%\n- Chính sách học bổng: Mức học bổng 50% học phí năm học đầu tiên, áp dụng cho các ngành: Quản lý\n- Điều kiện nhận học bổng tuyển sinh DHV 2026:\n- 1.1. HỌC PHÍ ỔN ĐỊNH, HỌC BỔNG LÊN ĐẾN 100% HỌC PHÍ\n- học bổng kỷ lục lên đến 75 tỷ đồng. Trong đó, Học bổng Tài năng có mức hỗ trợ từ 30%""}",EVIDENCE_ERROR,EVIDENCE_ERROR,"[""diem-trung-tuyen-va-nhap-hoc-dhv-2026:scholarship_policy_002"", ""diem-trung-tuyen-va-nhap-hoc-dhv-2026:scholarship_summary"", ""ho-so-nhap-hoc-day-du-dhv-2026:scholarship_policy_004"", ""phuong-thuc-xet-tuyen-va-hoc-bong-dhv-2026:scholarship_policy_013""]"
Q0766,Cho mình hỏi các ngành đang tuyển sinh của trường.,"{""intent"": ""DANH_SACH_NGANH"", ""status"": ""ok"", ""evidence_ids"": [""phuong-thuc-xet-tuyen-va-hoc-bong-dhv-2026:major_catalog_summary""]}","{""intent"": ""OUT_OF_SCOPE"", ""status"": ""out_of_scope"", ""answer"": ""Tôi không thể trả lời câu hỏi này vì nội dung không nằm trong phạm vi tuyển sinh của Trường Đại học Hùng Vương TP.HCM. Tôi chỉ hỗ trợ các câu hỏi liên quan đến tuyển sinh của trường.""}",INTENT_ERROR,INTENT_ERROR,[]
Q0767,Thông tin cơ bản về các ngành đang tuyển sinh DHV 2026 là gì?,"{""intent"": ""DANH_SACH_NGANH"", ""status"": ""ok"", ""evidence_ids"": [""phuong-thuc-xet-tuyen-va-hoc-bong-dhv-2026:major_catalog_summary""]}","{""intent"": ""OUT_OF_SCOPE"", ""status"": ""out_of_scope"", ""answer"": ""Tôi không thể trả lời câu hỏi này vì nội dung không nằm trong phạm vi tuyển sinh của Trường Đại học Hùng Vương TP.HCM. Tôi chỉ hỗ trợ các câu hỏi liên quan đến tuyển sinh của trường.""}",INTENT_ERROR,INTENT_ERROR,[]
Q0768,DHV cac nganh dang tuyen sinh?,"{""intent"": ""DANH_SACH_NGANH"", ""status"": ""ok"", ""evidence_ids"": [""phuong-thuc-xet-tuyen-va-hoc-bong-dhv-2026:major_catalog_summary""]}","{""intent"": ""OUT_OF_SCOPE"", ""status"": ""out_of_scope"", ""answer"": ""Tôi không thể trả lời câu hỏi này vì nội dung không nằm trong phạm vi tuyển sinh của Trường Đại học Hùng Vương TP.HCM. Tôi chỉ hỗ trợ các câu hỏi liên quan đến tuyển sinh của trường.""}",INTENT_ERROR,INTENT_ERROR,[]
Q0798,"Ngưỡng bổ sung của Ngôn ngữ Trung Quốc, phương thức học bạ, là bao nhiêu?","{""intent"": ""HOI_XET_TUYEN_BO_SUNG"", ""status"": ""ok"", ""evidence_ids"": [""xet-tuyen-bo-sung-dhv-2026:supplementary_threshold_005""]}","{""intent"": ""MULTI_ISSUE"", ""status"": ""ok"", ""answer"": ""### Xét tuyển bổ sung\nNgôn ngữ Trung Quốc: Học bạ: 18.0; Thi tốt nghiệp THPT: 15.0.\n\n### Phương thức xét tuyển\nTôi chưa biết câu trả lời này vì hiện chưa tìm thấy thông tin trong dữ liệu tuyển sinh DHV đã được kiểm chứng. Bạn vui lòng tham khảo thông tin chính thức từ Trường Đại học Hùng Vương TP.HCM.""}",INTENT_ERROR,INTENT_ERROR,[]
Q0799,Đợt bổ sung Ngôn ngữ Trung Quốc theo học bạ lấy từ mức nào vậy?,"{""intent"": ""HOI_XET_TUYEN_BO_SUNG"", ""status"": ""ok"", ""evidence_ids"": [""xet-tuyen-bo-sung-dhv-2026:supplementary_threshold_005""]}","{""intent"": ""HOI_NGUONG_DAU_VAO"", ""status"": ""ok"", ""answer"": ""Ngưỡng nhận hồ sơ được công bố: thi tốt nghiệp THPT: 15,00 điểm; ĐGNL: 600 điểm.""}",INTENT_ERROR,INTENT_ERROR,"[""phuong-thuc-xet-tuyen-va-hoc-bong-dhv-2026:application_threshold_dgnl_004_7220204"", ""phuong-thuc-xet-tuyen-va-hoc-bong-dhv-2026:application_threshold_thpt_001_7220204"", ""phuong-thuc-xet-tuyen-va-hoc-bong-dhv-2026:major_013""]"
Q0800,Ngôn ngữ Trung Quốc xét bs học bạ bn điểm?,"{""intent"": ""HOI_XET_TUYEN_BO_SUNG"", ""status"": ""ok"", ""evidence_ids"": [""xet-tuyen-bo-sung-dhv-2026:supplementary_threshold_005""]}","{""intent"": ""HOI_PHUONG_THUC_XET_TUYEN"", ""status"": ""no_data"", ""answer"": ""Tôi chưa biết câu trả lời này vì hiện chưa tìm thấy thông tin trong dữ liệu tuyển sinh DHV đã được kiểm chứng. Bạn vui lòng tham khảo thông tin chính thức từ Trường Đại học Hùng Vương TP.HCM.""}",INTENT_ERROR,INTENT_ERROR,[]
Q0817,Xét tuyển bổ sung Quản trị logistics bằng thi tốt nghiệp THPT cần bao nhiêu điểm?,"{""intent"": ""HOI_XET_TUYEN_BO_SUNG"", ""status"": ""ok"", ""evidence_ids"": [""xet-tuyen-bo-sung-dhv-2026:supplementary_threshold_010""]}","{""intent"": ""HOI_XET_TUYEN_BO_SUNG"", ""status"": ""no_data"", ""answer"": ""Tôi chưa biết câu trả lời này vì hiện chưa tìm thấy thông tin trong dữ liệu tuyển sinh DHV đã được kiểm chứng. Bạn vui lòng tham khảo thông tin chính thức từ Trường Đại học Hùng Vương TP.HCM.""}",VALIDATOR_ERROR,VALIDATOR_ERROR,"[""xet-tuyen-bo-sung-dhv-2026:supplementary_threshold_010"", ""xet-tuyen-bo-sung-dhv-2026:supplementary_threshold_011""]"
Q0818,"Ngưỡng bổ sung của Quản trị logistics, phương thức thi tốt nghiệp THPT, là bao nhiêu?","{""intent"": ""HOI_XET_TUYEN_BO_SUNG"", ""status"": ""ok"", ""evidence_ids"": [""xet-tuyen-bo-sung-dhv-2026:supplementary_threshold_010""]}","{""intent"": ""MULTI_ISSUE"", ""status"": ""no_data"", ""answer"": ""### Xét tuyển bổ sung\nTôi chưa biết câu trả lời này vì hiện chưa tìm thấy thông tin trong dữ liệu tuyển sinh DHV đã được kiểm chứng. Bạn vui lòng tham khảo thông tin chính thức từ Trường Đại học Hùng Vương TP.HCM.\n\n### Phương thức xét tuyển\nTôi chưa biết câu trả lời này vì hiện chưa tìm thấy thông tin trong dữ liệu tuyển sinh DHV đã được kiểm chứng. Bạn vui lòng tham khảo thông tin chính thức từ Trường Đại học Hùng Vương TP.HCM.""}",INTENT_ERROR,INTENT_ERROR,[]
Q0819,Đợt bổ sung Quản trị logistics theo thi tốt nghiệp THPT lấy từ mức nào vậy?,"{""intent"": ""HOI_XET_TUYEN_BO_SUNG"", ""status"": ""ok"", ""evidence_ids"": [""xet-tuyen-bo-sung-dhv-2026:supplementary_threshold_010""]}","{""intent"": ""HOI_PHUONG_THUC_XET_TUYEN"", ""status"": ""no_data"", ""answer"": ""Tôi chưa biết câu trả lời này vì hiện chưa tìm thấy thông tin trong dữ liệu tuyển sinh DHV đã được kiểm chứng. Bạn vui lòng tham khảo thông tin chính thức từ Trường Đại học Hùng Vương TP.HCM.""}",INTENT_ERROR,INTENT_ERROR,[]
Q0820,Quản trị logistics xét bs thi tốt nghiệp THPT bn điểm?,"{""intent"": ""HOI_XET_TUYEN_BO_SUNG"", ""status"": ""ok"", ""evidence_ids"": [""xet-tuyen-bo-sung-dhv-2026:supplementary_threshold_010""]}","{""intent"": ""HOI_PHUONG_THUC_XET_TUYEN"", ""status"": ""no_data"", ""answer"": ""Tôi chưa biết câu trả lời này vì hiện chưa tìm thấy thông tin trong dữ liệu tuyển sinh DHV đã được kiểm chứng. Bạn vui lòng tham khảo thông tin chính thức từ Trường Đại học Hùng Vương TP.HCM.""}",INTENT_ERROR,INTENT_ERROR,[]
Q0838,"Ngưỡng bổ sung của Công nghệ tài chính, phương thức học bạ, là bao nhiêu?","{""intent"": ""HOI_XET_TUYEN_BO_SUNG"", ""status"": ""ok"", ""evidence_ids"": [""xet-tuyen-bo-sung-dhv-2026:supplementary_threshold_015""]}","{""intent"": ""MULTI_ISSUE"", ""status"": ""ok"", ""answer"": ""### Xét tuyển bổ sung\nCông nghệ tài chính: Học bạ: 18.0; Thi tốt nghiệp THPT: 15.0.\n\n### Phương thức xét tuyển\nTôi chưa biết câu trả lời này vì hiện chưa tìm thấy thông tin trong dữ liệu tuyển sinh DHV đã được kiểm chứng. Bạn vui lòng tham khảo thông tin chính thức từ Trường Đại học Hùng Vương TP.HCM.""}",INTENT_ERROR,INTENT_ERROR,[]
Q0839,Đợt bổ sung Công nghệ tài chính theo học bạ lấy từ mức nào vậy?,"{""intent"": ""HOI_XET_TUYEN_BO_SUNG"", ""status"": ""ok"", ""evidence_ids"": [""xet-tuyen-bo-sung-dhv-2026:supplementary_threshold_015""]}","{""intent"": ""HOI_NGUONG_DAU_VAO"", ""status"": ""ok"", ""answer"": ""Ngưỡng nhận hồ sơ được công bố: ĐGNL: 600 điểm; thi tốt nghiệp THPT: 15,00 điểm.""}",INTENT_ERROR,INTENT_ERROR,"[""phuong-thuc-xet-tuyen-va-hoc-bong-dhv-2026:application_threshold_dgnl_004_7340205"", ""phuong-thuc-xet-tuyen-va-hoc-bong-dhv-2026:application_threshold_thpt_001_7340205"", ""phuong-thuc-xet-tuyen-va-hoc-bong-dhv-2026:major_007""]"
Q0840,Công nghệ tài chính xét bs học bạ bn điểm?,"{""intent"": ""HOI_XET_TUYEN_BO_SUNG"", ""status"": ""ok"", ""evidence_ids"": [""xet-tuyen-bo-sung-dhv-2026:supplementary_threshold_015""]}","{""intent"": ""HOI_PHUONG_THUC_XET_TUYEN"", ""status"": ""no_data"", ""answer"": ""Tôi chưa biết câu trả lời này vì hiện chưa tìm thấy thông tin trong dữ liệu tuyển sinh DHV đã được kiểm chứng. Bạn vui lòng tham khảo thông tin chính thức từ Trường Đại học Hùng Vương TP.HCM.""}",INTENT_ERROR,INTENT_ERROR,[]
Q0859,Muốn đăng ký Ngôn ngữ Anh theo ĐGNL cần tối thiểu mấy điểm?,"{""intent"": ""HOI_NGUONG_DAU_VAO"", ""status"": ""ok"", ""evidence_ids"": [""phuong-thuc-xet-tuyen-va-hoc-bong-dhv-2026:application_threshold_dgnl_004_7220201""]}","{""intent"": ""HOI_DANG_KY_XET_TUYEN"", ""status"": ""no_data"", ""answer"": ""Tôi chưa biết câu trả lời này vì hiện chưa tìm thấy thông tin trong dữ liệu tuyển sinh DHV đã được kiểm chứng. Bạn vui lòng tham khảo thông tin chính thức từ Trường Đại học Hùng Vương TP.HCM.""}",INTENT_ERROR,INTENT_ERROR,[]
Q0879,Muốn đăng ký Tâm lý học theo ĐGNL cần tối thiểu mấy điểm?,"{""intent"": ""HOI_NGUONG_DAU_VAO"", ""status"": ""ok"", ""evidence_ids"": [""phuong-thuc-xet-tuyen-va-hoc-bong-dhv-2026:application_threshold_dgnl_004_7310401""]}","{""intent"": ""HOI_DANG_KY_XET_TUYEN"", ""status"": ""no_data"", ""answer"": ""Tôi chưa biết câu trả lời này vì hiện chưa tìm thấy thông tin trong dữ liệu tuyển sinh DHV đã được kiểm chứng. Bạn vui lòng tham khảo thông tin chính thức từ Trường Đại học Hùng Vương TP.HCM.""}",INTENT_ERROR,INTENT_ERROR,[]
Q0899,Muốn đăng ký Công nghệ tài chính theo ĐGNL cần tối thiểu mấy điểm?,"{""intent"": ""HOI_NGUONG_DAU_VAO"", ""status"": ""ok"", ""evidence_ids"": [""phuong-thuc-xet-tuyen-va-hoc-bong-dhv-2026:application_threshold_dgnl_004_7340205""]}","{""intent"": ""HOI_DANG_KY_XET_TUYEN"", ""status"": ""no_data"", ""answer"": ""Tôi chưa biết câu trả lời này vì hiện chưa tìm thấy thông tin trong dữ liệu tuyển sinh DHV đã được kiểm chứng. Bạn vui lòng tham khảo thông tin chính thức từ Trường Đại học Hùng Vương TP.HCM.""}",INTENT_ERROR,INTENT_ERROR,[]
Q0919,Muốn đăng ký Quản lý bệnh viện theo ĐGNL cần tối thiểu mấy điểm?,"{""intent"": ""HOI_NGUONG_DAU_VAO"", ""status"": ""ok"", ""evidence_ids"": [""phuong-thuc-xet-tuyen-va-hoc-bong-dhv-2026:application_threshold_dgnl_004_7720802""]}","{""intent"": ""HOI_DANG_KY_XET_TUYEN"", ""status"": ""no_data"", ""answer"": ""Tôi chưa biết câu trả lời này vì hiện chưa tìm thấy thông tin trong dữ liệu tuyển sinh DHV đã được kiểm chứng. Bạn vui lòng tham khảo thông tin chính thức từ Trường Đại học Hùng Vương TP.HCM.""}",INTENT_ERROR,INTENT_ERROR,[]
Q0939,Muốn đăng ký Ngôn ngữ Nhật theo thi tốt nghiệp THPT cần tối thiểu mấy điểm?,"{""intent"": ""HOI_NGUONG_DAU_VAO"", ""status"": ""ok"", ""evidence_ids"": [""phuong-thuc-xet-tuyen-va-hoc-bong-dhv-2026:application_threshold_thpt_001_7220209""]}","{""intent"": ""HOI_DANG_KY_XET_TUYEN"", ""status"": ""no_data"", ""answer"": ""Tôi chưa biết câu trả lời này vì hiện chưa tìm thấy thông tin trong dữ liệu tuyển sinh DHV đã được kiểm chứng. Bạn vui lòng tham khảo thông tin chính thức từ Trường Đại học Hùng Vương TP.HCM.""}",INTENT_ERROR,INTENT_ERROR,[]
Q0946,Em muốn biết mỗi tín chỉ năm 2026 mức nào vậy?,"{""intent"": ""HOI_HOC_PHI"", ""status"": ""ok"", ""evidence_ids"": [""ho-so-nhap-hoc-day-du-dhv-2026:tuition_semester_1""]}","{""intent"": ""HOI_HOC_PHI"", ""status"": ""out_of_scope"", ""answer"": ""Tôi không thể trả lời câu hỏi này vì nội dung không nằm trong phạm vi tuyển sinh của Trường Đại học Hùng Vương TP.HCM. Tôi chỉ hỗ trợ các câu hỏi liên quan đến tuyển sinh của trường.""}",EVIDENCE_ERROR,EVIDENCE_ERROR,[]
Q0948,Em cần biết mỗi tín chỉ DHV bn?,"{""intent"": ""HOI_HOC_PHI"", ""status"": ""ok"", ""evidence_ids"": [""ho-so-nhap-hoc-day-du-dhv-2026:tuition_semester_1""]}","{""intent"": ""HOI_NGANH"", ""status"": ""out_of_scope"", ""answer"": ""Tôi không thể trả lời câu hỏi này vì nội dung không nằm trong phạm vi tuyển sinh của Trường Đại học Hùng Vương TP.HCM. Tôi chỉ hỗ trợ các câu hỏi liên quan đến tuyển sinh của trường.""}",INTENT_ERROR,INTENT_ERROR,[]
Q0965,Em cho hỏi phí kiểm tra tiếng Anh ở DHV là bao nhiêu?,"{""intent"": ""HOI_HOC_PHI"", ""status"": ""ok"", ""evidence_ids"": [""ho-so-nhap-hoc-day-du-dhv-2026:tuition_semester_1""]}","{""intent"": ""HOI_NGANH"", ""status"": ""out_of_scope"", ""answer"": ""Tôi không thể trả lời câu hỏi này vì nội dung không nằm trong phạm vi tuyển sinh của Trường Đại học Hùng Vương TP.HCM. Tôi chỉ hỗ trợ các câu hỏi liên quan đến tuyển sinh của trường.""}",INTENT_ERROR,INTENT_ERROR,[]
Q0966,Em muốn biết phí kiểm tra tiếng Anh năm 2026 mức nào vậy?,"{""intent"": ""HOI_HOC_PHI"", ""status"": ""ok"", ""evidence_ids"": [""ho-so-nhap-hoc-day-du-dhv-2026:tuition_semester_1""]}","{""intent"": ""HOI_HOC_PHI"", ""status"": ""out_of_scope"", ""answer"": ""Tôi không thể trả lời câu hỏi này vì nội dung không nằm trong phạm vi tuyển sinh của Trường Đại học Hùng Vương TP.HCM. Tôi chỉ hỗ trợ các câu hỏi liên quan đến tuyển sinh của trường.""}",EVIDENCE_ERROR,EVIDENCE_ERROR,[]
Q0967,Em hỏi DHV phí tiếng Anh bao nhiêu ạ?,"{""intent"": ""HOI_HOC_PHI"", ""status"": ""ok"", ""evidence_ids"": [""ho-so-nhap-hoc-day-du-dhv-2026:tuition_semester_1""]}","{""intent"": ""HOI_HOC_PHI"", ""status"": ""out_of_scope"", ""answer"": ""Tôi không thể trả lời câu hỏi này vì nội dung không nằm trong phạm vi tuyển sinh của Trường Đại học Hùng Vương TP.HCM. Tôi chỉ hỗ trợ các câu hỏi liên quan đến tuyển sinh của trường.""}",EVIDENCE_ERROR,EVIDENCE_ERROR,[]
Q0968,Em cần biết phí tiếng Anh DHV bn?,"{""intent"": ""HOI_HOC_PHI"", ""status"": ""ok"", ""evidence_ids"": [""ho-so-nhap-hoc-day-du-dhv-2026:tuition_semester_1""]}","{""intent"": ""OUT_OF_SCOPE"", ""status"": ""out_of_scope"", ""answer"": ""Tôi không thể trả lời câu hỏi này vì nội dung không nằm trong phạm vi tuyển sinh của Trường Đại học Hùng Vương TP.HCM. Tôi chỉ hỗ trợ các câu hỏi liên quan đến tuyển sinh của trường.""}",INTENT_ERROR,INTENT_ERROR,[]
Q0985,Phụ huynh cho hỏi phí nhập học ở DHV là bao nhiêu?,"{""intent"": ""HOI_HOC_PHI"", ""status"": ""ok"", ""evidence_ids"": [""ho-so-nhap-hoc-day-du-dhv-2026:tuition_semester_1""]}","{""intent"": ""HOI_NHAP_HOC"", ""status"": ""no_data"", ""answer"": ""Tôi chưa biết câu trả lời này vì hiện chưa tìm thấy thông tin trong dữ liệu tuyển sinh DHV đã được kiểm chứng. Bạn vui lòng tham khảo thông tin chính thức từ Trường Đại học Hùng Vương TP.HCM.""}",INTENT_ERROR,INTENT_ERROR,[]
Q0986,Phụ huynh muốn biết phí nhập học năm 2026 mức nào vậy?,"{""intent"": ""HOI_HOC_PHI"", ""status"": ""ok"", ""evidence_ids"": [""ho-so-nhap-hoc-day-du-dhv-2026:tuition_semester_1""]}","{""intent"": ""HOI_NHAP_HOC"", ""status"": ""no_data"", ""answer"": ""Tôi chưa biết câu trả lời này vì hiện chưa tìm thấy thông tin trong dữ liệu tuyển sinh DHV đã được kiểm chứng. Bạn vui lòng tham khảo thông tin chính thức từ Trường Đại học Hùng Vương TP.HCM.""}",INTENT_ERROR,INTENT_ERROR,[]
Q0987,Phụ huynh hỏi DHV phí nhập học bao nhiêu ạ?,"{""intent"": ""HOI_HOC_PHI"", ""status"": ""ok"", ""evidence_ids"": [""ho-so-nhap-hoc-day-du-dhv-2026:tuition_semester_1""]}","{""intent"": ""HOI_NHAP_HOC"", ""status"": ""no_data"", ""answer"": ""Tôi chưa biết câu trả lời này vì hiện chưa tìm thấy thông tin trong dữ liệu tuyển sinh DHV đã được kiểm chứng. Bạn vui lòng tham khảo thông tin chính thức từ Trường Đại học Hùng Vương TP.HCM.""}",INTENT_ERROR,INTENT_ERROR,[]
Q0988,Phụ huynh cần biết phí nhập học DHV bn?,"{""intent"": ""HOI_HOC_PHI"", ""status"": ""ok"", ""evidence_ids"": [""ho-so-nhap-hoc-day-du-dhv-2026:tuition_semester_1""]}","{""intent"": ""HOI_NHAP_HOC"", ""status"": ""no_data"", ""answer"": ""Tôi chưa biết câu trả lời này vì hiện chưa tìm thấy thông tin trong dữ liệu tuyển sinh DHV đã được kiểm chứng. Bạn vui lòng tham khảo thông tin chính thức từ Trường Đại học Hùng Vương TP.HCM.""}",INTENT_ERROR,INTENT_ERROR,[]
