intent,precision,recall,f1,support
DANH_SACH_NGANH,1.0,0.625,0.7692,8
HOI_CHUONG_TRINH,1.0,1.0,1.0,12
HOI_DANG_KY_XET_TUYEN,0.0,0.0,0.0,0
HOI_DIEM_TRUNG_TUYEN,1.0,1.0,1.0,40
HOI_HOC_BONG,1.0,1.0,1.0,20
HOI_HOC_PHI,1.0,0.5,0.6667,14
HOI_HO_SO,1.0,0.4,0.5714,20
HOI_NGANH,0.8421,1.0,0.9143,16
HOI_NGUONG_DAU_VAO,0.913,0.8077,0.8571,26
HOI_NHAP_HOC,0.4286,0.25,0.3158,12
HOI_PHUONG_THUC_XET_TUYEN,0.5714,1.0,0.7273,12
HOI_XET_TUYEN_BO_SUNG,1.0,0.25,0.4,12
MULTI_ISSUE,0.0,0.0,0.0,0
OUT_OF_SCOPE,0.3636,1.0,0.5333,4
SCHOOL_INFO,0.0,0.0,0.0,4
