id,family_id,split,retriever,eligible,expected_evidence_count,hit_at_1,hit_at_3,hit_at_5,recall_at_1,recall_at_3,recall_at_5,mrr
Q0001,F_ADMISSION_001,test,Dense,True,1,1.0,1.0,1.0,1.0,1.0,1.0,1.0
Q0001,F_ADMISSION_001,test,BM25,True,1,1.0,1.0,1.0,1.0,1.0,1.0,1.0
Q0001,F_ADMISSION_001,test,Hybrid/RRF,True,1,1.0,1.0,1.0,1.0,1.0,1.0,1.0
Q0002,F_ADMISSION_001,test,Dense,True,1,1.0,1.0,1.0,1.0,1.0,1.0,1.0
Q0002,F_ADMISSION_001,test,BM25,True,1,1.0,1.0,1.0,1.0,1.0,1.0,1.0
Q0002,F_ADMISSION_001,test,Hybrid/RRF,True,1,1.0,1.0,1.0,1.0,1.0,1.0,1.0
Q0003,F_ADMISSION_001,test,Dense,True,1,1.0,1.0,1.0,1.0,1.0,1.0,1.0
Q0003,F_ADMISSION_001,test,BM25,True,1,1.0,1.0,1.0,1.0,1.0,1.0,1.0
Q0003,F_ADMISSION_001,test,Hybrid/RRF,True,1,1.0,1.0,1.0,1.0,1.0,1.0,1.0
Q0004,F_ADMISSION_001,test,Dense,True,1,1.0,1.0,1.0,1.0,1.0,1.0,1.0
Q0004,F_ADMISSION_001,test,BM25,True,1,1.0,1.0,1.0,1.0,1.0,1.0,1.0
Q0004,F_ADMISSION_001,test,Hybrid/RRF,True,1,1.0,1.0,1.0,1.0,1.0,1.0,1.0
Q0021,F_ADMISSION_006,test,Dense,True,1,1.0,1.0,1.0,1.0,1.0,1.0,1.0
Q0021,F_ADMISSION_006,test,BM25,True,1,1.0,1.0,1.0,1.0,1.0,1.0,1.0
Q0021,F_ADMISSION_006,test,Hybrid/RRF,True,1,1.0,1.0,1.0,1.0,1.0,1.0,1.0
Q0022,F_ADMISSION_006,test,Dense,True,1,1.0,1.0,1.0,1.0,1.0,1.0,1.0
Q0022,F_ADMISSION_006,test,BM25,True,1,1.0,1.0,1.0,1.0,1.0,1.0,1.0
Q0022,F_ADMISSION_006,test,Hybrid/RRF,True,1,1.0,1.0,1.0,1.0,1.0,1.0,1.0
Q0023,F_ADMISSION_006,test,Dense,True,1,1.0,1.0,1.0,1.0,1.0,1.0,1.0
Q0023,F_ADMISSION_006,test,BM25,True,1,1.0,1.0,1.0,1.0,1.0,1.0,1.0
Q0023,F_ADMISSION_006,test,Hybrid/RRF,True,1,1.0,1.0,1.0,1.0,1.0,1.0,1.0
Q0024,F_ADMISSION_006,test,Dense,True,1,1.0,1.0,1.0,1.0,1.0,1.0,1.0
Q0024,F_ADMISSION_006,test,BM25,True,1,1.0,1.0,1.0,1.0,1.0,1.0,1.0
Q0024,F_ADMISSION_006,test,Hybrid/RRF,True,1,1.0,1.0,1.0,1.0,1.0,1.0,1.0
Q0041,F_ADMISSION_011,test,Dense,True,1,1.0,1.0,1.0,1.0,1.0,1.0,1.0
Q0041,F_ADMISSION_011,test,BM25,True,1,1.0,1.0,1.0,1.0,1.0,1.0,1.0
Q0041,F_ADMISSION_011,test,Hybrid/RRF,True,1,1.0,1.0,1.0,1.0,1.0,1.0,1.0
Q0042,F_ADMISSION_011,test,Dense,True,1,1.0,1.0,1.0,1.0,1.0,1.0,1.0
Q0042,F_ADMISSION_011,test,BM25,True,1,1.0,1.0,1.0,1.0,1.0,1.0,1.0
Q0042,F_ADMISSION_011,test,Hybrid/RRF,True,1,1.0,1.0,1.0,1.0,1.0,1.0,1.0
Q0043,F_ADMISSION_011,test,Dense,True,1,1.0,1.0,1.0,1.0,1.0,1.0,1.0
Q0043,F_ADMISSION_011,test,BM25,True,1,1.0,1.0,1.0,1.0,1.0,1.0,1.0
Q0043,F_ADMISSION_011,test,Hybrid/RRF,True,1,1.0,1.0,1.0,1.0,1.0,1.0,1.0
Q0044,F_ADMISSION_011,test,Dense,True,1,1.0,1.0,1.0,1.0,1.0,1.0,1.0
Q0044,F_ADMISSION_011,test,BM25,True,1,1.0,1.0,1.0,1.0,1.0,1.0,1.0
Q0044,F_ADMISSION_011,test,Hybrid/RRF,True,1,1.0,1.0,1.0,1.0,1.0,1.0,1.0
Q0061,F_ADMISSION_016,test,Dense,True,1,1.0,1.0,1.0,1.0,1.0,1.0,1.0
Q0061,F_ADMISSION_016,test,BM25,True,1,1.0,1.0,1.0,1.0,1.0,1.0,1.0
Q0061,F_ADMISSION_016,test,Hybrid/RRF,True,1,1.0,1.0,1.0,1.0,1.0,1.0,1.0
Q0062,F_ADMISSION_016,test,Dense,True,1,1.0,1.0,1.0,1.0,1.0,1.0,1.0
Q0062,F_ADMISSION_016,test,BM25,True,1,1.0,1.0,1.0,1.0,1.0,1.0,1.0
Q0062,F_ADMISSION_016,test,Hybrid/RRF,True,1,1.0,1.0,1.0,1.0,1.0,1.0,1.0
Q0063,F_ADMISSION_016,test,Dense,True,1,1.0,1.0,1.0,1.0,1.0,1.0,1.0
Q0063,F_ADMISSION_016,test,BM25,True,1,1.0,1.0,1.0,1.0,1.0,1.0,1.0
Q0063,F_ADMISSION_016,test,Hybrid/RRF,True,1,1.0,1.0,1.0,1.0,1.0,1.0,1.0
Q0064,F_ADMISSION_016,test,Dense,True,1,1.0,1.0,1.0,1.0,1.0,1.0,1.0
Q0064,F_ADMISSION_016,test,BM25,True,1,1.0,1.0,1.0,1.0,1.0,1.0,1.0
Q0064,F_ADMISSION_016,test,Hybrid/RRF,True,1,1.0,1.0,1.0,1.0,1.0,1.0,1.0
Q0081,F_ADMISSION_021,test,Dense,True,1,1.0,1.0,1.0,1.0,1.0,1.0,1.0
Q0081,F_ADMISSION_021,test,BM25,True,1,1.0,1.0,1.0,1.0,1.0,1.0,1.0
Q0081,F_ADMISSION_021,test,Hybrid/RRF,True,1,1.0,1.0,1.0,1.0,1.0,1.0,1.0
Q0082,F_ADMISSION_021,test,Dense,True,1,1.0,1.0,1.0,1.0,1.0,1.0,1.0
Q0082,F_ADMISSION_021,test,BM25,True,1,1.0,1.0,1.0,1.0,1.0,1.0,1.0
Q0082,F_ADMISSION_021,test,Hybrid/RRF,True,1,1.0,1.0,1.0,1.0,1.0,1.0,1.0
Q0083,F_ADMISSION_021,test,Dense,True,1,1.0,1.0,1.0,1.0,1.0,1.0,1.0
Q0083,F_ADMISSION_021,test,BM25,True,1,1.0,1.0,1.0,1.0,1.0,1.0,1.0
Q0083,F_ADMISSION_021,test,Hybrid/RRF,True,1,1.0,1.0,1.0,1.0,1.0,1.0,1.0
Q0084,F_ADMISSION_021,test,Dense,True,1,1.0,1.0,1.0,1.0,1.0,1.0,1.0
Q0084,F_ADMISSION_021,test,BM25,True,1,1.0,1.0,1.0,1.0,1.0,1.0,1.0
Q0084,F_ADMISSION_021,test,Hybrid/RRF,True,1,1.0,1.0,1.0,1.0,1.0,1.0,1.0
Q0101,F_ADMISSION_026,test,Dense,True,1,1.0,1.0,1.0,1.0,1.0,1.0,1.0
Q0101,F_ADMISSION_026,test,BM25,True,1,1.0,1.0,1.0,1.0,1.0,1.0,1.0
Q0101,F_ADMISSION_026,test,Hybrid/RRF,True,1,1.0,1.0,1.0,1.0,1.0,1.0,1.0
Q0102,F_ADMISSION_026,test,Dense,True,1,1.0,1.0,1.0,1.0,1.0,1.0,1.0
Q0102,F_ADMISSION_026,test,BM25,True,1,1.0,1.0,1.0,1.0,1.0,1.0,1.0
Q0102,F_ADMISSION_026,test,Hybrid/RRF,True,1,1.0,1.0,1.0,1.0,1.0,1.0,1.0
Q0103,F_ADMISSION_026,test,Dense,True,1,1.0,1.0,1.0,1.0,1.0,1.0,1.0
Q0103,F_ADMISSION_026,test,BM25,True,1,1.0,1.0,1.0,1.0,1.0,1.0,1.0
Q0103,F_ADMISSION_026,test,Hybrid/RRF,True,1,1.0,1.0,1.0,1.0,1.0,1.0,1.0
Q0104,F_ADMISSION_026,test,Dense,True,1,1.0,1.0,1.0,1.0,1.0,1.0,1.0
Q0104,F_ADMISSION_026,test,BM25,True,1,1.0,1.0,1.0,1.0,1.0,1.0,1.0
Q0104,F_ADMISSION_026,test,Hybrid/RRF,True,1,1.0,1.0,1.0,1.0,1.0,1.0,1.0
Q0121,F_ADMISSION_031,test,Dense,True,1,1.0,1.0,1.0,1.0,1.0,1.0,1.0
Q0121,F_ADMISSION_031,test,BM25,True,1,1.0,1.0,1.0,1.0,1.0,1.0,1.0
Q0121,F_ADMISSION_031,test,Hybrid/RRF,True,1,1.0,1.0,1.0,1.0,1.0,1.0,1.0
Q0122,F_ADMISSION_031,test,Dense,True,1,1.0,1.0,1.0,1.0,1.0,1.0,1.0
Q0122,F_ADMISSION_031,test,BM25,True,1,1.0,1.0,1.0,1.0,1.0,1.0,1.0
Q0122,F_ADMISSION_031,test,Hybrid/RRF,True,1,1.0,1.0,1.0,1.0,1.0,1.0,1.0
Q0123,F_ADMISSION_031,test,Dense,True,1,1.0,1.0,1.0,1.0,1.0,1.0,1.0
Q0123,F_ADMISSION_031,test,BM25,True,1,1.0,1.0,1.0,1.0,1.0,1.0,1.0
Q0123,F_ADMISSION_031,test,Hybrid/RRF,True,1,1.0,1.0,1.0,1.0,1.0,1.0,1.0
Q0124,F_ADMISSION_031,test,Dense,True,1,1.0,1.0,1.0,1.0,1.0,1.0,1.0
Q0124,F_ADMISSION_031,test,BM25,True,1,1.0,1.0,1.0,1.0,1.0,1.0,1.0
Q0124,F_ADMISSION_031,test,Hybrid/RRF,True,1,1.0,1.0,1.0,1.0,1.0,1.0,1.0
Q0141,F_ADMISSION_036,test,Dense,True,1,1.0,1.0,1.0,1.0,1.0,1.0,1.0
Q0141,F_ADMISSION_036,test,BM25,True,1,1.0,1.0,1.0,1.0,1.0,1.0,1.0
Q0141,F_ADMISSION_036,test,Hybrid/RRF,True,1,1.0,1.0,1.0,1.0,1.0,1.0,1.0
Q0142,F_ADMISSION_036,test,Dense,True,1,1.0,1.0,1.0,1.0,1.0,1.0,1.0
Q0142,F_ADMISSION_036,test,BM25,True,1,1.0,1.0,1.0,1.0,1.0,1.0,1.0
Q0142,F_ADMISSION_036,test,Hybrid/RRF,True,1,1.0,1.0,1.0,1.0,1.0,1.0,1.0
Q0143,F_ADMISSION_036,test,Dense,True,1,1.0,1.0,1.0,1.0,1.0,1.0,1.0
Q0143,F_ADMISSION_036,test,BM25,True,1,1.0,1.0,1.0,1.0,1.0,1.0,1.0
Q0143,F_ADMISSION_036,test,Hybrid/RRF,True,1,1.0,1.0,1.0,1.0,1.0,1.0,1.0
Q0144,F_ADMISSION_036,test,Dense,True,1,1.0,1.0,1.0,1.0,1.0,1.0,1.0
Q0144,F_ADMISSION_036,test,BM25,True,1,1.0,1.0,1.0,1.0,1.0,1.0,1.0
Q0144,F_ADMISSION_036,test,Hybrid/RRF,True,1,1.0,1.0,1.0,1.0,1.0,1.0,1.0
Q0161,F_ADMISSION_041,test,Dense,True,1,1.0,1.0,1.0,1.0,1.0,1.0,1.0
Q0161,F_ADMISSION_041,test,BM25,True,1,1.0,1.0,1.0,1.0,1.0,1.0,1.0
Q0161,F_ADMISSION_041,test,Hybrid/RRF,True,1,1.0,1.0,1.0,1.0,1.0,1.0,1.0
Q0162,F_ADMISSION_041,test,Dense,True,1,1.0,1.0,1.0,1.0,1.0,1.0,1.0
Q0162,F_ADMISSION_041,test,BM25,True,1,1.0,1.0,1.0,1.0,1.0,1.0,1.0
Q0162,F_ADMISSION_041,test,Hybrid/RRF,True,1,1.0,1.0,1.0,1.0,1.0,1.0,1.0
Q0163,F_ADMISSION_041,test,Dense,True,1,1.0,1.0,1.0,1.0,1.0,1.0,1.0
Q0163,F_ADMISSION_041,test,BM25,True,1,1.0,1.0,1.0,1.0,1.0,1.0,1.0
Q0163,F_ADMISSION_041,test,Hybrid/RRF,True,1,1.0,1.0,1.0,1.0,1.0,1.0,1.0
Q0164,F_ADMISSION_041,test,Dense,True,1,1.0,1.0,1.0,1.0,1.0,1.0,1.0
Q0164,F_ADMISSION_041,test,BM25,True,1,1.0,1.0,1.0,1.0,1.0,1.0,1.0
Q0164,F_ADMISSION_041,test,Hybrid/RRF,True,1,1.0,1.0,1.0,1.0,1.0,1.0,1.0
Q0181,F_ADMISSION_046,test,Dense,True,1,1.0,1.0,1.0,1.0,1.0,1.0,1.0
Q0181,F_ADMISSION_046,test,BM25,True,1,1.0,1.0,1.0,1.0,1.0,1.0,1.0
Q0181,F_ADMISSION_046,test,Hybrid/RRF,True,1,1.0,1.0,1.0,1.0,1.0,1.0,1.0
Q0182,F_ADMISSION_046,test,Dense,True,1,1.0,1.0,1.0,1.0,1.0,1.0,1.0
Q0182,F_ADMISSION_046,test,BM25,True,1,1.0,1.0,1.0,1.0,1.0,1.0,1.0
Q0182,F_ADMISSION_046,test,Hybrid/RRF,True,1,1.0,1.0,1.0,1.0,1.0,1.0,1.0
Q0183,F_ADMISSION_046,test,Dense,True,1,1.0,1.0,1.0,1.0,1.0,1.0,1.0
Q0183,F_ADMISSION_046,test,BM25,True,1,1.0,1.0,1.0,1.0,1.0,1.0,1.0
Q0183,F_ADMISSION_046,test,Hybrid/RRF,True,1,1.0,1.0,1.0,1.0,1.0,1.0,1.0
Q0184,F_ADMISSION_046,test,Dense,True,1,1.0,1.0,1.0,1.0,1.0,1.0,1.0
Q0184,F_ADMISSION_046,test,BM25,True,1,1.0,1.0,1.0,1.0,1.0,1.0,1.0
Q0184,F_ADMISSION_046,test,Hybrid/RRF,True,1,1.0,1.0,1.0,1.0,1.0,1.0,1.0
Q0229,F_DOCUMENT_003,test,Dense,True,1,1.0,1.0,1.0,1.0,1.0,1.0,1.0
Q0229,F_DOCUMENT_003,test,BM25,True,1,1.0,1.0,1.0,1.0,1.0,1.0,1.0
Q0229,F_DOCUMENT_003,test,Hybrid/RRF,True,1,1.0,1.0,1.0,1.0,1.0,1.0,1.0
Q0230,F_DOCUMENT_003,test,Dense,True,1,1.0,1.0,1.0,1.0,1.0,1.0,1.0
Q0230,F_DOCUMENT_003,test,BM25,True,1,1.0,1.0,1.0,1.0,1.0,1.0,1.0
Q0230,F_DOCUMENT_003,test,Hybrid/RRF,True,1,1.0,1.0,1.0,1.0,1.0,1.0,1.0
Q0231,F_DOCUMENT_003,test,Dense,True,1,1.0,1.0,1.0,1.0,1.0,1.0,1.0
Q0231,F_DOCUMENT_003,test,BM25,True,1,1.0,1.0,1.0,1.0,1.0,1.0,1.0
Q0231,F_DOCUMENT_003,test,Hybrid/RRF,True,1,1.0,1.0,1.0,1.0,1.0,1.0,1.0
Q0232,F_DOCUMENT_003,test,Dense,True,1,0.0,0.0,1.0,0.0,0.0,1.0,0.25
Q0232,F_DOCUMENT_003,test,BM25,True,1,1.0,1.0,1.0,1.0,1.0,1.0,1.0
Q0232,F_DOCUMENT_003,test,Hybrid/RRF,True,1,1.0,1.0,1.0,1.0,1.0,1.0,1.0
Q0249,F_DOCUMENT_008,test,Dense,True,1,0.0,0.0,0.0,0.0,0.0,0.0,0.0
Q0249,F_DOCUMENT_008,test,BM25,True,1,0.0,0.0,0.0,0.0,0.0,0.0,0.0
Q0249,F_DOCUMENT_008,test,Hybrid/RRF,True,1,0.0,0.0,0.0,0.0,0.0,0.0,0.0
Q0250,F_DOCUMENT_008,test,Dense,True,1,0.0,0.0,0.0,0.0,0.0,0.0,0.0
Q0250,F_DOCUMENT_008,test,BM25,True,1,0.0,0.0,0.0,0.0,0.0,0.0,0.0
Q0250,F_DOCUMENT_008,test,Hybrid/RRF,True,1,0.0,0.0,0.0,0.0,0.0,0.0,0.0
Q0251,F_DOCUMENT_008,test,Dense,True,1,0.0,0.0,0.0,0.0,0.0,0.0,0.0
Q0251,F_DOCUMENT_008,test,BM25,True,1,0.0,0.0,0.0,0.0,0.0,0.0,0.0
Q0251,F_DOCUMENT_008,test,Hybrid/RRF,True,1,0.0,0.0,0.0,0.0,0.0,0.0,0.0
Q0252,F_DOCUMENT_008,test,Dense,True,1,0.0,0.0,0.0,0.0,0.0,0.0,0.0
Q0252,F_DOCUMENT_008,test,BM25,True,1,0.0,0.0,0.0,0.0,0.0,0.0,0.0
Q0252,F_DOCUMENT_008,test,Hybrid/RRF,True,1,0.0,0.0,0.0,0.0,0.0,0.0,0.0
Q0269,F_DOCUMENT_013,test,Dense,True,1,1.0,1.0,1.0,1.0,1.0,1.0,1.0
Q0269,F_DOCUMENT_013,test,BM25,True,1,0.0,0.0,0.0,0.0,0.0,0.0,0.0
Q0269,F_DOCUMENT_013,test,Hybrid/RRF,True,1,0.0,0.0,1.0,0.0,0.0,1.0,0.25
Q0270,F_DOCUMENT_013,test,Dense,True,1,1.0,1.0,1.0,1.0,1.0,1.0,1.0
Q0270,F_DOCUMENT_013,test,BM25,True,1,0.0,0.0,0.0,0.0,0.0,0.0,0.0
Q0270,F_DOCUMENT_013,test,Hybrid/RRF,True,1,0.0,0.0,1.0,0.0,0.0,1.0,0.25
Q0271,F_DOCUMENT_013,test,Dense,True,1,1.0,1.0,1.0,1.0,1.0,1.0,1.0
Q0271,F_DOCUMENT_013,test,BM25,True,1,0.0,0.0,0.0,0.0,0.0,0.0,0.0
Q0271,F_DOCUMENT_013,test,Hybrid/RRF,True,1,0.0,0.0,0.0,0.0,0.0,0.0,0.0
Q0272,F_DOCUMENT_013,test,Dense,True,1,0.0,1.0,1.0,0.0,1.0,1.0,0.3333333333333333
Q0272,F_DOCUMENT_013,test,BM25,True,1,0.0,0.0,0.0,0.0,0.0,0.0,0.0
Q0272,F_DOCUMENT_013,test,Hybrid/RRF,True,1,0.0,0.0,0.0,0.0,0.0,0.0,0.0
Q0289,F_DOCUMENT_018,test,Dense,True,1,0.0,1.0,1.0,0.0,1.0,1.0,0.5
Q0289,F_DOCUMENT_018,test,BM25,True,1,1.0,1.0,1.0,1.0,1.0,1.0,1.0
Q0289,F_DOCUMENT_018,test,Hybrid/RRF,True,1,1.0,1.0,1.0,1.0,1.0,1.0,1.0
Q0290,F_DOCUMENT_018,test,Dense,True,1,1.0,1.0,1.0,1.0,1.0,1.0,1.0
Q0290,F_DOCUMENT_018,test,BM25,True,1,1.0,1.0,1.0,1.0,1.0,1.0,1.0
Q0290,F_DOCUMENT_018,test,Hybrid/RRF,True,1,1.0,1.0,1.0,1.0,1.0,1.0,1.0
Q0291,F_DOCUMENT_018,test,Dense,True,1,0.0,1.0,1.0,0.0,1.0,1.0,0.5
Q0291,F_DOCUMENT_018,test,BM25,True,1,1.0,1.0,1.0,1.0,1.0,1.0,1.0
Q0291,F_DOCUMENT_018,test,Hybrid/RRF,True,1,1.0,1.0,1.0,1.0,1.0,1.0,1.0
Q0292,F_DOCUMENT_018,test,Dense,True,1,0.0,0.0,0.0,0.0,0.0,0.0,0.0
Q0292,F_DOCUMENT_018,test,BM25,True,1,1.0,1.0,1.0,1.0,1.0,1.0,1.0
Q0292,F_DOCUMENT_018,test,Hybrid/RRF,True,1,1.0,1.0,1.0,1.0,1.0,1.0,1.0
Q0309,F_DOCUMENT_023,test,Dense,True,1,0.0,1.0,1.0,0.0,1.0,1.0,0.5
Q0309,F_DOCUMENT_023,test,BM25,True,1,1.0,1.0,1.0,1.0,1.0,1.0,1.0
Q0309,F_DOCUMENT_023,test,Hybrid/RRF,True,1,1.0,1.0,1.0,1.0,1.0,1.0,1.0
Q0310,F_DOCUMENT_023,test,Dense,True,1,0.0,1.0,1.0,0.0,1.0,1.0,0.5
Q0310,F_DOCUMENT_023,test,BM25,True,1,1.0,1.0,1.0,1.0,1.0,1.0,1.0
Q0310,F_DOCUMENT_023,test,Hybrid/RRF,True,1,1.0,1.0,1.0,1.0,1.0,1.0,1.0
Q0311,F_DOCUMENT_023,test,Dense,True,1,0.0,1.0,1.0,0.0,1.0,1.0,0.5
Q0311,F_DOCUMENT_023,test,BM25,True,1,0.0,1.0,1.0,0.0,1.0,1.0,0.3333333333333333
Q0311,F_DOCUMENT_023,test,Hybrid/RRF,True,1,0.0,0.0,1.0,0.0,0.0,1.0,0.25
Q0312,F_DOCUMENT_023,test,Dense,True,1,0.0,0.0,0.0,0.0,0.0,0.0,0.0
Q0312,F_DOCUMENT_023,test,BM25,True,1,1.0,1.0,1.0,1.0,1.0,1.0,1.0
Q0312,F_DOCUMENT_023,test,Hybrid/RRF,True,1,1.0,1.0,1.0,1.0,1.0,1.0,1.0
Q0329,F_ENROLLMENT_004,test,Dense,True,1,1.0,1.0,1.0,1.0,1.0,1.0,1.0
Q0329,F_ENROLLMENT_004,test,BM25,True,1,1.0,1.0,1.0,1.0,1.0,1.0,1.0
Q0329,F_ENROLLMENT_004,test,Hybrid/RRF,True,1,1.0,1.0,1.0,1.0,1.0,1.0,1.0
Q0330,F_ENROLLMENT_004,test,Dense,True,1,0.0,0.0,0.0,0.0,0.0,0.0,0.0
Q0330,F_ENROLLMENT_004,test,BM25,True,1,0.0,0.0,0.0,0.0,0.0,0.0,0.0
Q0330,F_ENROLLMENT_004,test,Hybrid/RRF,True,1,0.0,0.0,0.0,0.0,0.0,0.0,0.0
Q0331,F_ENROLLMENT_004,test,Dense,True,1,0.0,0.0,0.0,0.0,0.0,0.0,0.0
Q0331,F_ENROLLMENT_004,test,BM25,True,1,0.0,0.0,0.0,0.0,0.0,0.0,0.0
Q0331,F_ENROLLMENT_004,test,Hybrid/RRF,True,1,0.0,0.0,0.0,0.0,0.0,0.0,0.0
Q0332,F_ENROLLMENT_004,test,Dense,True,1,0.0,0.0,0.0,0.0,0.0,0.0,0.0
Q0332,F_ENROLLMENT_004,test,BM25,True,1,0.0,0.0,0.0,0.0,0.0,0.0,0.0
Q0332,F_ENROLLMENT_004,test,Hybrid/RRF,True,1,0.0,0.0,0.0,0.0,0.0,0.0,0.0
Q0349,F_ENROLLMENT_009,test,Dense,True,1,1.0,1.0,1.0,1.0,1.0,1.0,1.0
Q0349,F_ENROLLMENT_009,test,BM25,True,1,1.0,1.0,1.0,1.0,1.0,1.0,1.0
Q0349,F_ENROLLMENT_009,test,Hybrid/RRF,True,1,1.0,1.0,1.0,1.0,1.0,1.0,1.0
Q0350,F_ENROLLMENT_009,test,Dense,True,1,0.0,0.0,0.0,0.0,0.0,0.0,0.0
Q0350,F_ENROLLMENT_009,test,BM25,True,1,0.0,0.0,0.0,0.0,0.0,0.0,0.0
Q0350,F_ENROLLMENT_009,test,Hybrid/RRF,True,1,0.0,0.0,0.0,0.0,0.0,0.0,0.0
Q0351,F_ENROLLMENT_009,test,Dense,True,1,0.0,0.0,0.0,0.0,0.0,0.0,0.0
Q0351,F_ENROLLMENT_009,test,BM25,True,1,0.0,0.0,0.0,0.0,0.0,0.0,0.0
Q0351,F_ENROLLMENT_009,test,Hybrid/RRF,True,1,0.0,0.0,0.0,0.0,0.0,0.0,0.0
Q0352,F_ENROLLMENT_009,test,Dense,True,1,0.0,0.0,0.0,0.0,0.0,0.0,0.0
Q0352,F_ENROLLMENT_009,test,BM25,True,1,0.0,0.0,0.0,0.0,0.0,0.0,0.0
Q0352,F_ENROLLMENT_009,test,Hybrid/RRF,True,1,0.0,0.0,0.0,0.0,0.0,0.0,0.0
Q0369,F_ENROLLMENT_014,test,Dense,True,1,0.0,0.0,0.0,0.0,0.0,0.0,0.0
Q0369,F_ENROLLMENT_014,test,BM25,True,1,0.0,0.0,0.0,0.0,0.0,0.0,0.0
Q0369,F_ENROLLMENT_014,test,Hybrid/RRF,True,1,0.0,0.0,0.0,0.0,0.0,0.0,0.0
Q0370,F_ENROLLMENT_014,test,Dense,True,1,0.0,0.0,0.0,0.0,0.0,0.0,0.0
Q0370,F_ENROLLMENT_014,test,BM25,True,1,0.0,0.0,0.0,0.0,0.0,0.0,0.0
Q0370,F_ENROLLMENT_014,test,Hybrid/RRF,True,1,0.0,0.0,0.0,0.0,0.0,0.0,0.0
Q0371,F_ENROLLMENT_014,test,Dense,True,1,0.0,0.0,0.0,0.0,0.0,0.0,0.0
Q0371,F_ENROLLMENT_014,test,BM25,True,1,0.0,0.0,0.0,0.0,0.0,0.0,0.0
Q0371,F_ENROLLMENT_014,test,Hybrid/RRF,True,1,0.0,0.0,0.0,0.0,0.0,0.0,0.0
Q0372,F_ENROLLMENT_014,test,Dense,True,1,0.0,0.0,0.0,0.0,0.0,0.0,0.0
Q0372,F_ENROLLMENT_014,test,BM25,True,1,0.0,0.0,0.0,0.0,0.0,0.0,0.0
Q0372,F_ENROLLMENT_014,test,Hybrid/RRF,True,1,0.0,0.0,0.0,0.0,0.0,0.0,0.0
Q0385,F_MAJOR_001,test,Dense,True,1,1.0,1.0,1.0,1.0,1.0,1.0,1.0
Q0385,F_MAJOR_001,test,BM25,True,1,1.0,1.0,1.0,1.0,1.0,1.0,1.0
Q0385,F_MAJOR_001,test,Hybrid/RRF,True,1,1.0,1.0,1.0,1.0,1.0,1.0,1.0
Q0386,F_MAJOR_001,test,Dense,True,1,1.0,1.0,1.0,1.0,1.0,1.0,1.0
Q0386,F_MAJOR_001,test,BM25,True,1,1.0,1.0,1.0,1.0,1.0,1.0,1.0
Q0386,F_MAJOR_001,test,Hybrid/RRF,True,1,1.0,1.0,1.0,1.0,1.0,1.0,1.0
Q0387,F_MAJOR_001,test,Dense,True,1,1.0,1.0,1.0,1.0,1.0,1.0,1.0
Q0387,F_MAJOR_001,test,BM25,True,1,1.0,1.0,1.0,1.0,1.0,1.0,1.0
Q0387,F_MAJOR_001,test,Hybrid/RRF,True,1,1.0,1.0,1.0,1.0,1.0,1.0,1.0
Q0388,F_MAJOR_001,test,Dense,True,1,1.0,1.0,1.0,1.0,1.0,1.0,1.0
Q0388,F_MAJOR_001,test,BM25,True,1,1.0,1.0,1.0,1.0,1.0,1.0,1.0
Q0388,F_MAJOR_001,test,Hybrid/RRF,True,1,1.0,1.0,1.0,1.0,1.0,1.0,1.0
Q0405,F_MAJOR_006,test,Dense,True,1,1.0,1.0,1.0,1.0,1.0,1.0,1.0
Q0405,F_MAJOR_006,test,BM25,True,1,1.0,1.0,1.0,1.0,1.0,1.0,1.0
Q0405,F_MAJOR_006,test,Hybrid/RRF,True,1,1.0,1.0,1.0,1.0,1.0,1.0,1.0
Q0406,F_MAJOR_006,test,Dense,True,1,1.0,1.0,1.0,1.0,1.0,1.0,1.0
Q0406,F_MAJOR_006,test,BM25,True,1,1.0,1.0,1.0,1.0,1.0,1.0,1.0
Q0406,F_MAJOR_006,test,Hybrid/RRF,True,1,1.0,1.0,1.0,1.0,1.0,1.0,1.0
Q0407,F_MAJOR_006,test,Dense,True,1,1.0,1.0,1.0,1.0,1.0,1.0,1.0
Q0407,F_MAJOR_006,test,BM25,True,1,1.0,1.0,1.0,1.0,1.0,1.0,1.0
Q0407,F_MAJOR_006,test,Hybrid/RRF,True,1,1.0,1.0,1.0,1.0,1.0,1.0,1.0
Q0408,F_MAJOR_006,test,Dense,True,1,1.0,1.0,1.0,1.0,1.0,1.0,1.0
Q0408,F_MAJOR_006,test,BM25,True,1,1.0,1.0,1.0,1.0,1.0,1.0,1.0
Q0408,F_MAJOR_006,test,Hybrid/RRF,True,1,0.0,1.0,1.0,0.0,1.0,1.0,0.3333333333333333
Q0425,F_MAJOR_011,test,Dense,True,1,1.0,1.0,1.0,1.0,1.0,1.0,1.0
Q0425,F_MAJOR_011,test,BM25,True,1,1.0,1.0,1.0,1.0,1.0,1.0,1.0
Q0425,F_MAJOR_011,test,Hybrid/RRF,True,1,1.0,1.0,1.0,1.0,1.0,1.0,1.0
Q0426,F_MAJOR_011,test,Dense,True,1,1.0,1.0,1.0,1.0,1.0,1.0,1.0
Q0426,F_MAJOR_011,test,BM25,True,1,1.0,1.0,1.0,1.0,1.0,1.0,1.0
Q0426,F_MAJOR_011,test,Hybrid/RRF,True,1,1.0,1.0,1.0,1.0,1.0,1.0,1.0
Q0427,F_MAJOR_011,test,Dense,True,1,1.0,1.0,1.0,1.0,1.0,1.0,1.0
Q0427,F_MAJOR_011,test,BM25,True,1,1.0,1.0,1.0,1.0,1.0,1.0,1.0
Q0427,F_MAJOR_011,test,Hybrid/RRF,True,1,1.0,1.0,1.0,1.0,1.0,1.0,1.0
Q0428,F_MAJOR_011,test,Dense,True,1,1.0,1.0,1.0,1.0,1.0,1.0,1.0
Q0428,F_MAJOR_011,test,BM25,True,1,1.0,1.0,1.0,1.0,1.0,1.0,1.0
Q0428,F_MAJOR_011,test,Hybrid/RRF,True,1,0.0,1.0,1.0,0.0,1.0,1.0,0.3333333333333333
Q0445,F_MAJOR_016,test,Dense,True,1,1.0,1.0,1.0,1.0,1.0,1.0,1.0
Q0445,F_MAJOR_016,test,BM25,True,1,1.0,1.0,1.0,1.0,1.0,1.0,1.0
Q0445,F_MAJOR_016,test,Hybrid/RRF,True,1,1.0,1.0,1.0,1.0,1.0,1.0,1.0
Q0446,F_MAJOR_016,test,Dense,True,1,1.0,1.0,1.0,1.0,1.0,1.0,1.0
Q0446,F_MAJOR_016,test,BM25,True,1,1.0,1.0,1.0,1.0,1.0,1.0,1.0
Q0446,F_MAJOR_016,test,Hybrid/RRF,True,1,1.0,1.0,1.0,1.0,1.0,1.0,1.0
Q0447,F_MAJOR_016,test,Dense,True,1,1.0,1.0,1.0,1.0,1.0,1.0,1.0
Q0447,F_MAJOR_016,test,BM25,True,1,1.0,1.0,1.0,1.0,1.0,1.0,1.0
Q0447,F_MAJOR_016,test,Hybrid/RRF,True,1,1.0,1.0,1.0,1.0,1.0,1.0,1.0
Q0448,F_MAJOR_016,test,Dense,True,1,0.0,0.0,0.0,0.0,0.0,0.0,0.0
Q0448,F_MAJOR_016,test,BM25,True,1,1.0,1.0,1.0,1.0,1.0,1.0,1.0
Q0448,F_MAJOR_016,test,Hybrid/RRF,True,1,1.0,1.0,1.0,1.0,1.0,1.0,1.0
Q0469,F_METHOD_005,test,Dense,True,1,0.0,0.0,0.0,0.0,0.0,0.0,0.0
Q0469,F_METHOD_005,test,BM25,True,1,0.0,0.0,0.0,0.0,0.0,0.0,0.0
Q0469,F_METHOD_005,test,Hybrid/RRF,True,1,0.0,0.0,0.0,0.0,0.0,0.0,0.0
Q0470,F_METHOD_005,test,Dense,True,1,0.0,0.0,0.0,0.0,0.0,0.0,0.0
Q0470,F_METHOD_005,test,BM25,True,1,0.0,0.0,0.0,0.0,0.0,0.0,0.0
Q0470,F_METHOD_005,test,Hybrid/RRF,True,1,0.0,0.0,0.0,0.0,0.0,0.0,0.0
Q0471,F_METHOD_005,test,Dense,True,1,0.0,0.0,0.0,0.0,0.0,0.0,0.0
Q0471,F_METHOD_005,test,BM25,True,1,0.0,0.0,0.0,0.0,0.0,0.0,0.0
Q0471,F_METHOD_005,test,Hybrid/RRF,True,1,0.0,0.0,0.0,0.0,0.0,0.0,0.0
Q0472,F_METHOD_005,test,Dense,True,1,0.0,0.0,0.0,0.0,0.0,0.0,0.0
Q0472,F_METHOD_005,test,BM25,True,1,0.0,0.0,0.0,0.0,0.0,0.0,0.0
Q0472,F_METHOD_005,test,Hybrid/RRF,True,1,0.0,0.0,0.0,0.0,0.0,0.0,0.0
Q0489,F_METHOD_010,test,Dense,True,1,0.0,0.0,0.0,0.0,0.0,0.0,0.0
Q0489,F_METHOD_010,test,BM25,True,1,0.0,0.0,0.0,0.0,0.0,0.0,0.0
Q0489,F_METHOD_010,test,Hybrid/RRF,True,1,0.0,0.0,0.0,0.0,0.0,0.0,0.0
Q0490,F_METHOD_010,test,Dense,True,1,0.0,0.0,0.0,0.0,0.0,0.0,0.0
Q0490,F_METHOD_010,test,BM25,True,1,0.0,0.0,0.0,0.0,0.0,0.0,0.0
Q0490,F_METHOD_010,test,Hybrid/RRF,True,1,0.0,0.0,0.0,0.0,0.0,0.0,0.0
Q0491,F_METHOD_010,test,Dense,True,1,0.0,0.0,0.0,0.0,0.0,0.0,0.0
Q0491,F_METHOD_010,test,BM25,True,1,0.0,0.0,0.0,0.0,0.0,0.0,0.0
Q0491,F_METHOD_010,test,Hybrid/RRF,True,1,0.0,0.0,0.0,0.0,0.0,0.0,0.0
Q0492,F_METHOD_010,test,Dense,True,1,0.0,0.0,0.0,0.0,0.0,0.0,0.0
Q0492,F_METHOD_010,test,BM25,True,1,0.0,0.0,0.0,0.0,0.0,0.0,0.0
Q0492,F_METHOD_010,test,Hybrid/RRF,True,1,0.0,0.0,0.0,0.0,0.0,0.0,0.0
Q0509,F_METHOD_015,test,Dense,True,1,0.0,0.0,0.0,0.0,0.0,0.0,0.0
Q0509,F_METHOD_015,test,BM25,True,1,0.0,0.0,0.0,0.0,0.0,0.0,0.0
Q0509,F_METHOD_015,test,Hybrid/RRF,True,1,0.0,0.0,0.0,0.0,0.0,0.0,0.0
Q0510,F_METHOD_015,test,Dense,True,1,0.0,0.0,0.0,0.0,0.0,0.0,0.0
Q0510,F_METHOD_015,test,BM25,True,1,0.0,0.0,0.0,0.0,0.0,0.0,0.0
Q0510,F_METHOD_015,test,Hybrid/RRF,True,1,0.0,0.0,0.0,0.0,0.0,0.0,0.0
Q0511,F_METHOD_015,test,Dense,True,1,0.0,0.0,0.0,0.0,0.0,0.0,0.0
Q0511,F_METHOD_015,test,BM25,True,1,0.0,0.0,0.0,0.0,0.0,0.0,0.0
Q0511,F_METHOD_015,test,Hybrid/RRF,True,1,0.0,0.0,0.0,0.0,0.0,0.0,0.0
Q0512,F_METHOD_015,test,Dense,True,1,0.0,0.0,0.0,0.0,0.0,0.0,0.0
Q0512,F_METHOD_015,test,BM25,True,1,0.0,0.0,0.0,0.0,0.0,0.0,0.0
Q0512,F_METHOD_015,test,Hybrid/RRF,True,1,0.0,0.0,0.0,0.0,0.0,0.0,0.0
Q0529,F_MULTITURN_001,test,Dense,True,1,1.0,1.0,1.0,1.0,1.0,1.0,1.0
Q0529,F_MULTITURN_001,test,BM25,True,1,1.0,1.0,1.0,1.0,1.0,1.0,1.0
Q0529,F_MULTITURN_001,test,Hybrid/RRF,True,1,1.0,1.0,1.0,1.0,1.0,1.0,1.0
Q0530,F_MULTITURN_001,test,Dense,True,1,1.0,1.0,1.0,1.0,1.0,1.0,1.0
Q0530,F_MULTITURN_001,test,BM25,True,1,1.0,1.0,1.0,1.0,1.0,1.0,1.0
Q0530,F_MULTITURN_001,test,Hybrid/RRF,True,1,1.0,1.0,1.0,1.0,1.0,1.0,1.0
Q0531,F_MULTITURN_001,test,Dense,True,1,1.0,1.0,1.0,1.0,1.0,1.0,1.0
Q0531,F_MULTITURN_001,test,BM25,True,1,1.0,1.0,1.0,1.0,1.0,1.0,1.0
Q0531,F_MULTITURN_001,test,Hybrid/RRF,True,1,1.0,1.0,1.0,1.0,1.0,1.0,1.0
Q0532,F_MULTITURN_001,test,Dense,True,1,1.0,1.0,1.0,1.0,1.0,1.0,1.0
Q0532,F_MULTITURN_001,test,BM25,True,1,1.0,1.0,1.0,1.0,1.0,1.0,1.0
Q0532,F_MULTITURN_001,test,Hybrid/RRF,True,1,1.0,1.0,1.0,1.0,1.0,1.0,1.0
Q0589,F_PROGRAM_001,test,Dense,True,1,1.0,1.0,1.0,1.0,1.0,1.0,1.0
Q0589,F_PROGRAM_001,test,BM25,True,1,1.0,1.0,1.0,1.0,1.0,1.0,1.0
Q0589,F_PROGRAM_001,test,Hybrid/RRF,True,1,1.0,1.0,1.0,1.0,1.0,1.0,1.0
Q0590,F_PROGRAM_001,test,Dense,True,1,1.0,1.0,1.0,1.0,1.0,1.0,1.0
Q0590,F_PROGRAM_001,test,BM25,True,1,1.0,1.0,1.0,1.0,1.0,1.0,1.0
Q0590,F_PROGRAM_001,test,Hybrid/RRF,True,1,1.0,1.0,1.0,1.0,1.0,1.0,1.0
Q0591,F_PROGRAM_001,test,Dense,True,1,1.0,1.0,1.0,1.0,1.0,1.0,1.0
Q0591,F_PROGRAM_001,test,BM25,True,1,1.0,1.0,1.0,1.0,1.0,1.0,1.0
Q0591,F_PROGRAM_001,test,Hybrid/RRF,True,1,1.0,1.0,1.0,1.0,1.0,1.0,1.0
Q0592,F_PROGRAM_001,test,Dense,True,1,0.0,1.0,1.0,0.0,1.0,1.0,0.5
Q0592,F_PROGRAM_001,test,BM25,True,1,1.0,1.0,1.0,1.0,1.0,1.0,1.0
Q0592,F_PROGRAM_001,test,Hybrid/RRF,True,1,1.0,1.0,1.0,1.0,1.0,1.0,1.0
Q0609,F_PROGRAM_006,test,Dense,True,1,1.0,1.0,1.0,1.0,1.0,1.0,1.0
Q0609,F_PROGRAM_006,test,BM25,True,1,1.0,1.0,1.0,1.0,1.0,1.0,1.0
Q0609,F_PROGRAM_006,test,Hybrid/RRF,True,1,1.0,1.0,1.0,1.0,1.0,1.0,1.0
Q0610,F_PROGRAM_006,test,Dense,True,1,0.0,1.0,1.0,0.0,1.0,1.0,0.5
Q0610,F_PROGRAM_006,test,BM25,True,1,1.0,1.0,1.0,1.0,1.0,1.0,1.0
Q0610,F_PROGRAM_006,test,Hybrid/RRF,True,1,1.0,1.0,1.0,1.0,1.0,1.0,1.0
Q0611,F_PROGRAM_006,test,Dense,True,1,1.0,1.0,1.0,1.0,1.0,1.0,1.0
Q0611,F_PROGRAM_006,test,BM25,True,1,1.0,1.0,1.0,1.0,1.0,1.0,1.0
Q0611,F_PROGRAM_006,test,Hybrid/RRF,True,1,1.0,1.0,1.0,1.0,1.0,1.0,1.0
Q0612,F_PROGRAM_006,test,Dense,True,1,0.0,1.0,1.0,0.0,1.0,1.0,0.5
Q0612,F_PROGRAM_006,test,BM25,True,1,1.0,1.0,1.0,1.0,1.0,1.0,1.0
Q0612,F_PROGRAM_006,test,Hybrid/RRF,True,1,1.0,1.0,1.0,1.0,1.0,1.0,1.0
Q0629,F_PROGRAM_011,test,Dense,True,1,1.0,1.0,1.0,1.0,1.0,1.0,1.0
Q0629,F_PROGRAM_011,test,BM25,True,1,1.0,1.0,1.0,1.0,1.0,1.0,1.0
Q0629,F_PROGRAM_011,test,Hybrid/RRF,True,1,1.0,1.0,1.0,1.0,1.0,1.0,1.0
Q0630,F_PROGRAM_011,test,Dense,True,1,1.0,1.0,1.0,1.0,1.0,1.0,1.0
Q0630,F_PROGRAM_011,test,BM25,True,1,1.0,1.0,1.0,1.0,1.0,1.0,1.0
Q0630,F_PROGRAM_011,test,Hybrid/RRF,True,1,1.0,1.0,1.0,1.0,1.0,1.0,1.0
Q0631,F_PROGRAM_011,test,Dense,True,1,1.0,1.0,1.0,1.0,1.0,1.0,1.0
Q0631,F_PROGRAM_011,test,BM25,True,1,1.0,1.0,1.0,1.0,1.0,1.0,1.0
Q0631,F_PROGRAM_011,test,Hybrid/RRF,True,1,0.0,1.0,1.0,0.0,1.0,1.0,0.5
Q0632,F_PROGRAM_011,test,Dense,True,1,0.0,1.0,1.0,0.0,1.0,1.0,0.5
Q0632,F_PROGRAM_011,test,BM25,True,1,1.0,1.0,1.0,1.0,1.0,1.0,1.0
Q0632,F_PROGRAM_011,test,Hybrid/RRF,True,1,1.0,1.0,1.0,1.0,1.0,1.0,1.0
Q0649,F_SCHOLARSHIP_002,test,Dense,True,1,0.0,0.0,0.0,0.0,0.0,0.0,0.0
Q0649,F_SCHOLARSHIP_002,test,BM25,True,1,0.0,1.0,1.0,0.0,1.0,1.0,0.5
Q0649,F_SCHOLARSHIP_002,test,Hybrid/RRF,True,1,0.0,1.0,1.0,0.0,1.0,1.0,0.5
Q0650,F_SCHOLARSHIP_002,test,Dense,True,1,0.0,0.0,0.0,0.0,0.0,0.0,0.0
Q0650,F_SCHOLARSHIP_002,test,BM25,True,1,0.0,1.0,1.0,0.0,1.0,1.0,0.5
Q0650,F_SCHOLARSHIP_002,test,Hybrid/RRF,True,1,0.0,1.0,1.0,0.0,1.0,1.0,0.5
Q0651,F_SCHOLARSHIP_002,test,Dense,True,1,0.0,0.0,0.0,0.0,0.0,0.0,0.0
Q0651,F_SCHOLARSHIP_002,test,BM25,True,1,0.0,0.0,0.0,0.0,0.0,0.0,0.0
Q0651,F_SCHOLARSHIP_002,test,Hybrid/RRF,True,1,0.0,0.0,0.0,0.0,0.0,0.0,0.0
Q0652,F_SCHOLARSHIP_002,test,Dense,True,1,0.0,0.0,0.0,0.0,0.0,0.0,0.0
Q0652,F_SCHOLARSHIP_002,test,BM25,True,1,0.0,1.0,1.0,0.0,1.0,1.0,0.5
Q0652,F_SCHOLARSHIP_002,test,Hybrid/RRF,True,1,0.0,1.0,1.0,0.0,1.0,1.0,0.3333333333333333
Q0669,F_SCHOLARSHIP_007,test,Dense,True,1,0.0,0.0,0.0,0.0,0.0,0.0,0.0
Q0669,F_SCHOLARSHIP_007,test,BM25,True,1,0.0,0.0,0.0,0.0,0.0,0.0,0.0
Q0669,F_SCHOLARSHIP_007,test,Hybrid/RRF,True,1,0.0,0.0,0.0,0.0,0.0,0.0,0.0
Q0670,F_SCHOLARSHIP_007,test,Dense,True,1,0.0,0.0,0.0,0.0,0.0,0.0,0.0
Q0670,F_SCHOLARSHIP_007,test,BM25,True,1,0.0,0.0,0.0,0.0,0.0,0.0,0.0
Q0670,F_SCHOLARSHIP_007,test,Hybrid/RRF,True,1,0.0,0.0,0.0,0.0,0.0,0.0,0.0
Q0671,F_SCHOLARSHIP_007,test,Dense,True,1,0.0,0.0,0.0,0.0,0.0,0.0,0.0
Q0671,F_SCHOLARSHIP_007,test,BM25,True,1,0.0,1.0,1.0,0.0,1.0,1.0,0.3333333333333333
Q0671,F_SCHOLARSHIP_007,test,Hybrid/RRF,True,1,0.0,1.0,1.0,0.0,1.0,1.0,0.3333333333333333
Q0672,F_SCHOLARSHIP_007,test,Dense,True,1,0.0,0.0,0.0,0.0,0.0,0.0,0.0
Q0672,F_SCHOLARSHIP_007,test,BM25,True,1,0.0,0.0,0.0,0.0,0.0,0.0,0.0
Q0672,F_SCHOLARSHIP_007,test,Hybrid/RRF,True,1,0.0,0.0,0.0,0.0,0.0,0.0,0.0
Q0689,F_SCHOLARSHIP_012,test,Dense,True,1,0.0,0.0,0.0,0.0,0.0,0.0,0.0
Q0689,F_SCHOLARSHIP_012,test,BM25,True,1,0.0,0.0,0.0,0.0,0.0,0.0,0.0
Q0689,F_SCHOLARSHIP_012,test,Hybrid/RRF,True,1,0.0,0.0,0.0,0.0,0.0,0.0,0.0
Q0690,F_SCHOLARSHIP_012,test,Dense,True,1,0.0,0.0,0.0,0.0,0.0,0.0,0.0
Q0690,F_SCHOLARSHIP_012,test,BM25,True,1,0.0,0.0,0.0,0.0,0.0,0.0,0.0
Q0690,F_SCHOLARSHIP_012,test,Hybrid/RRF,True,1,0.0,0.0,0.0,0.0,0.0,0.0,0.0
Q0691,F_SCHOLARSHIP_012,test,Dense,True,1,0.0,0.0,0.0,0.0,0.0,0.0,0.0
Q0691,F_SCHOLARSHIP_012,test,BM25,True,1,0.0,0.0,0.0,0.0,0.0,0.0,0.0
Q0691,F_SCHOLARSHIP_012,test,Hybrid/RRF,True,1,0.0,0.0,0.0,0.0,0.0,0.0,0.0
Q0692,F_SCHOLARSHIP_012,test,Dense,True,1,0.0,0.0,0.0,0.0,0.0,0.0,0.0
Q0692,F_SCHOLARSHIP_012,test,BM25,True,1,0.0,0.0,0.0,0.0,0.0,0.0,0.0
Q0692,F_SCHOLARSHIP_012,test,Hybrid/RRF,True,1,0.0,0.0,0.0,0.0,0.0,0.0,0.0
Q0709,F_SCHOLARSHIP_017,test,Dense,True,1,0.0,0.0,0.0,0.0,0.0,0.0,0.0
Q0709,F_SCHOLARSHIP_017,test,BM25,True,1,0.0,0.0,1.0,0.0,0.0,1.0,0.25
Q0709,F_SCHOLARSHIP_017,test,Hybrid/RRF,True,1,0.0,0.0,1.0,0.0,0.0,1.0,0.2
Q0710,F_SCHOLARSHIP_017,test,Dense,True,1,0.0,0.0,0.0,0.0,0.0,0.0,0.0
Q0710,F_SCHOLARSHIP_017,test,BM25,True,1,0.0,0.0,1.0,0.0,0.0,1.0,0.25
Q0710,F_SCHOLARSHIP_017,test,Hybrid/RRF,True,1,0.0,0.0,1.0,0.0,0.0,1.0,0.25
Q0711,F_SCHOLARSHIP_017,test,Dense,True,1,0.0,0.0,0.0,0.0,0.0,0.0,0.0
Q0711,F_SCHOLARSHIP_017,test,BM25,True,1,0.0,0.0,0.0,0.0,0.0,0.0,0.0
Q0711,F_SCHOLARSHIP_017,test,Hybrid/RRF,True,1,0.0,0.0,0.0,0.0,0.0,0.0,0.0
Q0712,F_SCHOLARSHIP_017,test,Dense,True,1,0.0,0.0,0.0,0.0,0.0,0.0,0.0
Q0712,F_SCHOLARSHIP_017,test,BM25,True,1,0.0,0.0,1.0,0.0,0.0,1.0,0.25
Q0712,F_SCHOLARSHIP_017,test,Hybrid/RRF,True,1,0.0,0.0,1.0,0.0,0.0,1.0,0.2
Q0729,F_SCHOLARSHIP_022,test,Dense,True,1,0.0,0.0,0.0,0.0,0.0,0.0,0.0
Q0729,F_SCHOLARSHIP_022,test,BM25,True,1,0.0,0.0,0.0,0.0,0.0,0.0,0.0
Q0729,F_SCHOLARSHIP_022,test,Hybrid/RRF,True,1,0.0,0.0,0.0,0.0,0.0,0.0,0.0
Q0730,F_SCHOLARSHIP_022,test,Dense,True,1,0.0,0.0,0.0,0.0,0.0,0.0,0.0
Q0730,F_SCHOLARSHIP_022,test,BM25,True,1,0.0,0.0,0.0,0.0,0.0,0.0,0.0
Q0730,F_SCHOLARSHIP_022,test,Hybrid/RRF,True,1,0.0,0.0,0.0,0.0,0.0,0.0,0.0
Q0731,F_SCHOLARSHIP_022,test,Dense,True,1,0.0,0.0,1.0,0.0,0.0,1.0,0.25
Q0731,F_SCHOLARSHIP_022,test,BM25,True,1,0.0,0.0,1.0,0.0,0.0,1.0,0.25
Q0731,F_SCHOLARSHIP_022,test,Hybrid/RRF,True,1,0.0,0.0,1.0,0.0,0.0,1.0,0.25
Q0732,F_SCHOLARSHIP_022,test,Dense,True,1,0.0,0.0,0.0,0.0,0.0,0.0,0.0
Q0732,F_SCHOLARSHIP_022,test,BM25,True,1,0.0,0.0,0.0,0.0,0.0,0.0,0.0
Q0732,F_SCHOLARSHIP_022,test,Hybrid/RRF,True,1,0.0,0.0,0.0,0.0,0.0,0.0,0.0
Q0745,F_SCHOOL_002,test,Dense,True,1,0.0,0.0,1.0,0.0,0.0,1.0,0.2
Q0745,F_SCHOOL_002,test,BM25,True,1,1.0,1.0,1.0,1.0,1.0,1.0,1.0
Q0745,F_SCHOOL_002,test,Hybrid/RRF,True,1,1.0,1.0,1.0,1.0,1.0,1.0,1.0
Q0746,F_SCHOOL_002,test,Dense,True,1,0.0,1.0,1.0,0.0,1.0,1.0,0.3333333333333333
Q0746,F_SCHOOL_002,test,BM25,True,1,0.0,1.0,1.0,0.0,1.0,1.0,0.3333333333333333
Q0746,F_SCHOOL_002,test,Hybrid/RRF,True,1,0.0,1.0,1.0,0.0,1.0,1.0,0.5
Q0747,F_SCHOOL_002,test,Dense,True,1,0.0,0.0,0.0,0.0,0.0,0.0,0.0
Q0747,F_SCHOOL_002,test,BM25,True,1,0.0,1.0,1.0,0.0,1.0,1.0,0.3333333333333333
Q0747,F_SCHOOL_002,test,Hybrid/RRF,True,1,1.0,1.0,1.0,1.0,1.0,1.0,1.0
Q0748,F_SCHOOL_002,test,Dense,True,1,0.0,0.0,0.0,0.0,0.0,0.0,0.0
Q0748,F_SCHOOL_002,test,BM25,True,1,1.0,1.0,1.0,1.0,1.0,1.0,1.0
Q0748,F_SCHOOL_002,test,Hybrid/RRF,True,1,1.0,1.0,1.0,1.0,1.0,1.0,1.0
Q0765,F_SCHOOL_007,test,Dense,True,1,0.0,0.0,0.0,0.0,0.0,0.0,0.0
Q0765,F_SCHOOL_007,test,BM25,True,1,1.0,1.0,1.0,1.0,1.0,1.0,1.0
Q0765,F_SCHOOL_007,test,Hybrid/RRF,True,1,1.0,1.0,1.0,1.0,1.0,1.0,1.0
Q0797,F_SUPPLEMENTARY_004,test,Dense,True,1,1.0,1.0,1.0,1.0,1.0,1.0,1.0
Q0797,F_SUPPLEMENTARY_004,test,BM25,True,1,1.0,1.0,1.0,1.0,1.0,1.0,1.0
Q0797,F_SUPPLEMENTARY_004,test,Hybrid/RRF,True,1,1.0,1.0,1.0,1.0,1.0,1.0,1.0
Q0798,F_SUPPLEMENTARY_004,test,Dense,True,1,1.0,1.0,1.0,1.0,1.0,1.0,1.0
Q0798,F_SUPPLEMENTARY_004,test,BM25,True,1,1.0,1.0,1.0,1.0,1.0,1.0,1.0
Q0798,F_SUPPLEMENTARY_004,test,Hybrid/RRF,True,1,1.0,1.0,1.0,1.0,1.0,1.0,1.0
Q0799,F_SUPPLEMENTARY_004,test,Dense,True,1,0.0,0.0,0.0,0.0,0.0,0.0,0.0
Q0799,F_SUPPLEMENTARY_004,test,BM25,True,1,0.0,0.0,0.0,0.0,0.0,0.0,0.0
Q0799,F_SUPPLEMENTARY_004,test,Hybrid/RRF,True,1,0.0,0.0,0.0,0.0,0.0,0.0,0.0
Q0800,F_SUPPLEMENTARY_004,test,Dense,True,1,0.0,0.0,0.0,0.0,0.0,0.0,0.0
Q0800,F_SUPPLEMENTARY_004,test,BM25,True,1,0.0,0.0,0.0,0.0,0.0,0.0,0.0
Q0800,F_SUPPLEMENTARY_004,test,Hybrid/RRF,True,1,0.0,0.0,0.0,0.0,0.0,0.0,0.0
Q0817,F_SUPPLEMENTARY_009,test,Dense,True,1,1.0,1.0,1.0,1.0,1.0,1.0,1.0
Q0817,F_SUPPLEMENTARY_009,test,BM25,True,1,1.0,1.0,1.0,1.0,1.0,1.0,1.0
Q0817,F_SUPPLEMENTARY_009,test,Hybrid/RRF,True,1,1.0,1.0,1.0,1.0,1.0,1.0,1.0
Q0818,F_SUPPLEMENTARY_009,test,Dense,True,1,1.0,1.0,1.0,1.0,1.0,1.0,1.0
Q0818,F_SUPPLEMENTARY_009,test,BM25,True,1,1.0,1.0,1.0,1.0,1.0,1.0,1.0
Q0818,F_SUPPLEMENTARY_009,test,Hybrid/RRF,True,1,1.0,1.0,1.0,1.0,1.0,1.0,1.0
Q0819,F_SUPPLEMENTARY_009,test,Dense,True,1,0.0,0.0,0.0,0.0,0.0,0.0,0.0
Q0819,F_SUPPLEMENTARY_009,test,BM25,True,1,0.0,0.0,0.0,0.0,0.0,0.0,0.0
Q0819,F_SUPPLEMENTARY_009,test,Hybrid/RRF,True,1,0.0,0.0,0.0,0.0,0.0,0.0,0.0
Q0820,F_SUPPLEMENTARY_009,test,Dense,True,1,0.0,0.0,0.0,0.0,0.0,0.0,0.0
Q0820,F_SUPPLEMENTARY_009,test,BM25,True,1,0.0,0.0,0.0,0.0,0.0,0.0,0.0
Q0820,F_SUPPLEMENTARY_009,test,Hybrid/RRF,True,1,0.0,0.0,0.0,0.0,0.0,0.0,0.0
Q0837,F_SUPPLEMENTARY_014,test,Dense,True,1,1.0,1.0,1.0,1.0,1.0,1.0,1.0
Q0837,F_SUPPLEMENTARY_014,test,BM25,True,1,1.0,1.0,1.0,1.0,1.0,1.0,1.0
Q0837,F_SUPPLEMENTARY_014,test,Hybrid/RRF,True,1,1.0,1.0,1.0,1.0,1.0,1.0,1.0
Q0838,F_SUPPLEMENTARY_014,test,Dense,True,1,1.0,1.0,1.0,1.0,1.0,1.0,1.0
Q0838,F_SUPPLEMENTARY_014,test,BM25,True,1,1.0,1.0,1.0,1.0,1.0,1.0,1.0
Q0838,F_SUPPLEMENTARY_014,test,Hybrid/RRF,True,1,1.0,1.0,1.0,1.0,1.0,1.0,1.0
Q0839,F_SUPPLEMENTARY_014,test,Dense,True,1,0.0,0.0,0.0,0.0,0.0,0.0,0.0
Q0839,F_SUPPLEMENTARY_014,test,BM25,True,1,0.0,0.0,0.0,0.0,0.0,0.0,0.0
Q0839,F_SUPPLEMENTARY_014,test,Hybrid/RRF,True,1,0.0,0.0,0.0,0.0,0.0,0.0,0.0
Q0840,F_SUPPLEMENTARY_014,test,Dense,True,1,0.0,0.0,0.0,0.0,0.0,0.0,0.0
Q0840,F_SUPPLEMENTARY_014,test,BM25,True,1,0.0,0.0,0.0,0.0,0.0,0.0,0.0
Q0840,F_SUPPLEMENTARY_014,test,Hybrid/RRF,True,1,0.0,0.0,0.0,0.0,0.0,0.0,0.0
Q0857,F_THRESHOLD_001,test,Dense,True,1,1.0,1.0,1.0,1.0,1.0,1.0,1.0
Q0857,F_THRESHOLD_001,test,BM25,True,1,1.0,1.0,1.0,1.0,1.0,1.0,1.0
Q0857,F_THRESHOLD_001,test,Hybrid/RRF,True,1,1.0,1.0,1.0,1.0,1.0,1.0,1.0
Q0858,F_THRESHOLD_001,test,Dense,True,1,1.0,1.0,1.0,1.0,1.0,1.0,1.0
Q0858,F_THRESHOLD_001,test,BM25,True,1,1.0,1.0,1.0,1.0,1.0,1.0,1.0
Q0858,F_THRESHOLD_001,test,Hybrid/RRF,True,1,1.0,1.0,1.0,1.0,1.0,1.0,1.0
Q0859,F_THRESHOLD_001,test,Dense,True,1,0.0,0.0,0.0,0.0,0.0,0.0,0.0
Q0859,F_THRESHOLD_001,test,BM25,True,1,0.0,0.0,0.0,0.0,0.0,0.0,0.0
Q0859,F_THRESHOLD_001,test,Hybrid/RRF,True,1,0.0,0.0,0.0,0.0,0.0,0.0,0.0
Q0860,F_THRESHOLD_001,test,Dense,True,1,1.0,1.0,1.0,1.0,1.0,1.0,1.0
Q0860,F_THRESHOLD_001,test,BM25,True,1,1.0,1.0,1.0,1.0,1.0,1.0,1.0
Q0860,F_THRESHOLD_001,test,Hybrid/RRF,True,1,1.0,1.0,1.0,1.0,1.0,1.0,1.0
Q0877,F_THRESHOLD_006,test,Dense,True,1,1.0,1.0,1.0,1.0,1.0,1.0,1.0
Q0877,F_THRESHOLD_006,test,BM25,True,1,1.0,1.0,1.0,1.0,1.0,1.0,1.0
Q0877,F_THRESHOLD_006,test,Hybrid/RRF,True,1,1.0,1.0,1.0,1.0,1.0,1.0,1.0
Q0878,F_THRESHOLD_006,test,Dense,True,1,1.0,1.0,1.0,1.0,1.0,1.0,1.0
Q0878,F_THRESHOLD_006,test,BM25,True,1,1.0,1.0,1.0,1.0,1.0,1.0,1.0
Q0878,F_THRESHOLD_006,test,Hybrid/RRF,True,1,1.0,1.0,1.0,1.0,1.0,1.0,1.0
Q0879,F_THRESHOLD_006,test,Dense,True,1,0.0,0.0,0.0,0.0,0.0,0.0,0.0
Q0879,F_THRESHOLD_006,test,BM25,True,1,0.0,0.0,0.0,0.0,0.0,0.0,0.0
Q0879,F_THRESHOLD_006,test,Hybrid/RRF,True,1,0.0,0.0,0.0,0.0,0.0,0.0,0.0
Q0880,F_THRESHOLD_006,test,Dense,True,1,1.0,1.0,1.0,1.0,1.0,1.0,1.0
Q0880,F_THRESHOLD_006,test,BM25,True,1,1.0,1.0,1.0,1.0,1.0,1.0,1.0
Q0880,F_THRESHOLD_006,test,Hybrid/RRF,True,1,1.0,1.0,1.0,1.0,1.0,1.0,1.0
Q0897,F_THRESHOLD_011,test,Dense,True,1,1.0,1.0,1.0,1.0,1.0,1.0,1.0
Q0897,F_THRESHOLD_011,test,BM25,True,1,1.0,1.0,1.0,1.0,1.0,1.0,1.0
Q0897,F_THRESHOLD_011,test,Hybrid/RRF,True,1,1.0,1.0,1.0,1.0,1.0,1.0,1.0
Q0898,F_THRESHOLD_011,test,Dense,True,1,1.0,1.0,1.0,1.0,1.0,1.0,1.0
Q0898,F_THRESHOLD_011,test,BM25,True,1,1.0,1.0,1.0,1.0,1.0,1.0,1.0
Q0898,F_THRESHOLD_011,test,Hybrid/RRF,True,1,1.0,1.0,1.0,1.0,1.0,1.0,1.0
Q0899,F_THRESHOLD_011,test,Dense,True,1,0.0,0.0,0.0,0.0,0.0,0.0,0.0
Q0899,F_THRESHOLD_011,test,BM25,True,1,0.0,0.0,0.0,0.0,0.0,0.0,0.0
Q0899,F_THRESHOLD_011,test,Hybrid/RRF,True,1,0.0,0.0,0.0,0.0,0.0,0.0,0.0
Q0900,F_THRESHOLD_011,test,Dense,True,1,1.0,1.0,1.0,1.0,1.0,1.0,1.0
Q0900,F_THRESHOLD_011,test,BM25,True,1,1.0,1.0,1.0,1.0,1.0,1.0,1.0
Q0900,F_THRESHOLD_011,test,Hybrid/RRF,True,1,1.0,1.0,1.0,1.0,1.0,1.0,1.0
Q0917,F_THRESHOLD_016,test,Dense,True,1,1.0,1.0,1.0,1.0,1.0,1.0,1.0
Q0917,F_THRESHOLD_016,test,BM25,True,1,1.0,1.0,1.0,1.0,1.0,1.0,1.0
Q0917,F_THRESHOLD_016,test,Hybrid/RRF,True,1,1.0,1.0,1.0,1.0,1.0,1.0,1.0
Q0918,F_THRESHOLD_016,test,Dense,True,1,1.0,1.0,1.0,1.0,1.0,1.0,1.0
Q0918,F_THRESHOLD_016,test,BM25,True,1,1.0,1.0,1.0,1.0,1.0,1.0,1.0
Q0918,F_THRESHOLD_016,test,Hybrid/RRF,True,1,1.0,1.0,1.0,1.0,1.0,1.0,1.0
Q0919,F_THRESHOLD_016,test,Dense,True,1,0.0,0.0,0.0,0.0,0.0,0.0,0.0
Q0919,F_THRESHOLD_016,test,BM25,True,1,0.0,0.0,0.0,0.0,0.0,0.0,0.0
Q0919,F_THRESHOLD_016,test,Hybrid/RRF,True,1,0.0,0.0,0.0,0.0,0.0,0.0,0.0
Q0920,F_THRESHOLD_016,test,Dense,True,1,1.0,1.0,1.0,1.0,1.0,1.0,1.0
Q0920,F_THRESHOLD_016,test,BM25,True,1,1.0,1.0,1.0,1.0,1.0,1.0,1.0
Q0920,F_THRESHOLD_016,test,Hybrid/RRF,True,1,1.0,1.0,1.0,1.0,1.0,1.0,1.0
Q0937,F_THRESHOLD_021,test,Dense,True,1,1.0,1.0,1.0,1.0,1.0,1.0,1.0
Q0937,F_THRESHOLD_021,test,BM25,True,1,1.0,1.0,1.0,1.0,1.0,1.0,1.0
Q0937,F_THRESHOLD_021,test,Hybrid/RRF,True,1,1.0,1.0,1.0,1.0,1.0,1.0,1.0
Q0938,F_THRESHOLD_021,test,Dense,True,1,1.0,1.0,1.0,1.0,1.0,1.0,1.0
Q0938,F_THRESHOLD_021,test,BM25,True,1,1.0,1.0,1.0,1.0,1.0,1.0,1.0
Q0938,F_THRESHOLD_021,test,Hybrid/RRF,True,1,1.0,1.0,1.0,1.0,1.0,1.0,1.0
Q0939,F_THRESHOLD_021,test,Dense,True,1,0.0,0.0,0.0,0.0,0.0,0.0,0.0
Q0939,F_THRESHOLD_021,test,BM25,True,1,0.0,0.0,0.0,0.0,0.0,0.0,0.0
Q0939,F_THRESHOLD_021,test,Hybrid/RRF,True,1,0.0,0.0,0.0,0.0,0.0,0.0,0.0
Q0940,F_THRESHOLD_021,test,Dense,True,1,1.0,1.0,1.0,1.0,1.0,1.0,1.0
Q0940,F_THRESHOLD_021,test,BM25,True,1,1.0,1.0,1.0,1.0,1.0,1.0,1.0
Q0940,F_THRESHOLD_021,test,Hybrid/RRF,True,1,1.0,1.0,1.0,1.0,1.0,1.0,1.0
Q0945,F_TUITION_001,test,Dense,True,1,1.0,1.0,1.0,1.0,1.0,1.0,1.0
Q0945,F_TUITION_001,test,BM25,True,1,1.0,1.0,1.0,1.0,1.0,1.0,1.0
Q0945,F_TUITION_001,test,Hybrid/RRF,True,1,1.0,1.0,1.0,1.0,1.0,1.0,1.0
Q0946,F_TUITION_001,test,Dense,True,1,1.0,1.0,1.0,1.0,1.0,1.0,1.0
Q0946,F_TUITION_001,test,BM25,True,1,1.0,1.0,1.0,1.0,1.0,1.0,1.0
Q0946,F_TUITION_001,test,Hybrid/RRF,True,1,1.0,1.0,1.0,1.0,1.0,1.0,1.0
Q0947,F_TUITION_001,test,Dense,True,1,1.0,1.0,1.0,1.0,1.0,1.0,1.0
Q0947,F_TUITION_001,test,BM25,True,1,1.0,1.0,1.0,1.0,1.0,1.0,1.0
Q0947,F_TUITION_001,test,Hybrid/RRF,True,1,1.0,1.0,1.0,1.0,1.0,1.0,1.0
Q0948,F_TUITION_001,test,Dense,True,1,0.0,0.0,0.0,0.0,0.0,0.0,0.0
Q0948,F_TUITION_001,test,BM25,True,1,0.0,0.0,0.0,0.0,0.0,0.0,0.0
Q0948,F_TUITION_001,test,Hybrid/RRF,True,1,0.0,0.0,0.0,0.0,0.0,0.0,0.0
Q0965,F_TUITION_006,test,Dense,True,1,0.0,0.0,0.0,0.0,0.0,0.0,0.0
Q0965,F_TUITION_006,test,BM25,True,1,0.0,0.0,0.0,0.0,0.0,0.0,0.0
Q0965,F_TUITION_006,test,Hybrid/RRF,True,1,0.0,0.0,0.0,0.0,0.0,0.0,0.0
Q0966,F_TUITION_006,test,Dense,True,1,1.0,1.0,1.0,1.0,1.0,1.0,1.0
Q0966,F_TUITION_006,test,BM25,True,1,1.0,1.0,1.0,1.0,1.0,1.0,1.0
Q0966,F_TUITION_006,test,Hybrid/RRF,True,1,1.0,1.0,1.0,1.0,1.0,1.0,1.0
Q0967,F_TUITION_006,test,Dense,True,1,1.0,1.0,1.0,1.0,1.0,1.0,1.0
Q0967,F_TUITION_006,test,BM25,True,1,1.0,1.0,1.0,1.0,1.0,1.0,1.0
Q0967,F_TUITION_006,test,Hybrid/RRF,True,1,1.0,1.0,1.0,1.0,1.0,1.0,1.0
Q0985,F_TUITION_011,test,Dense,True,1,0.0,0.0,0.0,0.0,0.0,0.0,0.0
Q0985,F_TUITION_011,test,BM25,True,1,0.0,0.0,0.0,0.0,0.0,0.0,0.0
Q0985,F_TUITION_011,test,Hybrid/RRF,True,1,0.0,0.0,0.0,0.0,0.0,0.0,0.0
Q0986,F_TUITION_011,test,Dense,True,1,0.0,0.0,0.0,0.0,0.0,0.0,0.0
Q0986,F_TUITION_011,test,BM25,True,1,0.0,0.0,0.0,0.0,0.0,0.0,0.0
Q0986,F_TUITION_011,test,Hybrid/RRF,True,1,0.0,0.0,0.0,0.0,0.0,0.0,0.0
Q0987,F_TUITION_011,test,Dense,True,1,0.0,0.0,0.0,0.0,0.0,0.0,0.0
Q0987,F_TUITION_011,test,BM25,True,1,0.0,0.0,0.0,0.0,0.0,0.0,0.0
Q0987,F_TUITION_011,test,Hybrid/RRF,True,1,0.0,0.0,0.0,0.0,0.0,0.0,0.0
Q0988,F_TUITION_011,test,Dense,True,1,0.0,0.0,0.0,0.0,0.0,0.0,0.0
Q0988,F_TUITION_011,test,BM25,True,1,0.0,0.0,0.0,0.0,0.0,0.0,0.0
Q0988,F_TUITION_011,test,Hybrid/RRF,True,1,0.0,0.0,0.0,0.0,0.0,0.0,0.0
